"col-xs-2-4 href","Fd4QmV src","hxLzax","FTxtVW","customized-overlay-image src","DgXDzJ","iMq5a7","bPcAVl","k9JZlv","bx++ig 2","k9JZlv 2","OwmBnn","JVW3E2"
"https://shopee.co.th/2-In-1-%E0%B8%82%E0%B8%A7%E0%B8%94%E0%B8%AA%E0%B9%80%E0%B8%9B%E0%B8%A3%E0%B8%A2%E0%B9%8C%E0%B8%9C%E0%B9%89%E0%B8%B2%E0%B9%84%E0%B8%A1%E0%B9%82%E0%B8%84%E0%B8%A3%E0%B9%84%E0%B8%9F%E0%B9%80%E0%B8%9A%E0%B8%AD%E0%B8%A3%E0%B9%8C-%E0%B8%AD%E0%B9%80%E0%B8%99%E0%B8%81%E0%B8%9B%E0%B8%A3%E0%B8%B0%E0%B8%AA%E0%B8%87%E0%B8%84%E0%B9%8C-%E0%B9%81%E0%B8%9A%E0%B8%9A%E0%B8%9E%E0%B8%81%E0%B8%9E%E0%B8%B2-%E0%B8%97%E0%B9%8D%E0%B8%B2%E0%B8%84%E0%B8%A7%E0%B8%B2%E0%B8%A1%E0%B8%AA%E0%B8%B0%E0%B8%AD%E0%B8%B2%E0%B8%94%E0%B8%AB%E0%B8%99%E0%B9%89%E0%B8%B2%E0%B8%88%E0%B8%AD%E0%B9%82%E0%B8%97%E0%B8%A3%E0%B8%A8%E0%B8%B1%E0%B8%9E%E0%B8%97%E0%B9%8C%E0%B8%A1%E0%B8%B7%E0%B8%AD%E0%B8%96%E0%B8%B7%E0%B8%AD-(%E0%B9%84%E0%B8%A1%E0%B9%88%E0%B8%A1%E0%B8%B5%E0%B8%82%E0%B8%AD%E0%B8%87%E0%B9%80%E0%B8%AB%E0%B8%A5%E0%B8%A7%E0%B9%80%E0%B8%95%E0%B8%B4%E0%B8%A1)-i.76226901.13633216083?sp_atk=fa753a6f-643f-4a4d-be37-1adc74e75632&xptdk=fa753a6f-643f-4a4d-be37-1adc74e75632","https://down-th.img.susercontent.com/file/c0ab1e584a37cd2d371e2f436084e89a_tn","‡∏£‡πâ‡∏≤‡∏ô‡πÅ‡∏ô‡∏∞‡∏ô‡∏≥","-87%","https://down-th.img.susercontent.com/file/th-50009109-d6d900f677f50efcf8aa1394468bbf73","2 In 1 ‡∏Ç‡∏ß‡∏î‡∏™‡πÄ‡∏õ‡∏£‡∏¢‡πå‡∏ú‡πâ‡∏≤‡πÑ‡∏°‡πÇ‡∏Ñ‡∏£‡πÑ‡∏ü‡πÄ‡∏ö‡∏≠‡∏£‡πå ‡∏≠‡πÄ‡∏ô‡∏Å‡∏õ‡∏£‡∏∞‡∏™‡∏á‡∏Ñ‡πå ‡πÅ‡∏ö‡∏ö‡∏û‡∏Å‡∏û‡∏≤ ‡∏ó‡πç‡∏≤‡∏Ñ‡∏ß‡∏≤‡∏°‡∏™‡∏∞‡∏≠‡∏≤‡∏î‡∏´‡∏ô‡πâ‡∏≤‡∏à‡∏≠‡πÇ‡∏ó‡∏£‡∏®‡∏±‡∏û‡∏ó‡πå‡∏°‡∏∑‡∏≠‡∏ñ‡∏∑‡∏≠ (‡πÑ‡∏°‡πà‡∏°‡∏µ‡∏Ç‡∏≠‡∏á‡πÄ‡∏´‡∏•‡∏ß‡πÄ‡∏ï‡∏¥‡∏°)","‡∏ã‡∏∑‡πâ‡∏≠ 5 ‡∏ä‡∏¥‡πâ‡∏ô ‡∏•‡∏î 5%","-","11","‡∏ø","23","‡∏Ç‡∏≤‡∏¢‡πÅ‡∏•‡πâ‡∏ß 8.9‡∏û‡∏±‡∏ô ‡∏ä‡∏¥‡πâ‡∏ô","‡∏ï‡πà‡∏≤‡∏á‡∏õ‡∏£‡∏∞‡πÄ‡∏ó‡∏®"
"https://shopee.co.th/%E0%B8%96%E0%B8%B8%E0%B8%87-PVC-%E0%B8%AA%E0%B8%B5%E0%B9%83%E0%B8%AA-%E0%B8%81%E0%B8%B1%E0%B8%99%E0%B8%99%E0%B9%89%E0%B8%B3-%E0%B8%AA%E0%B8%B3%E0%B8%AB%E0%B8%A3%E0%B8%B1%E0%B8%9A%E0%B8%9E%E0%B8%81%E0%B8%9E%E0%B8%B2-i.349987547.4397575227?sp_atk=dbf5fd15-ea02-496a-9da6-513c6368dcdc&xptdk=dbf5fd15-ea02-496a-9da6-513c6368dcdc","https://down-th.img.susercontent.com/file/47fdf6b018e7a94b955fe8882102835a_tn","","-59%","https://down-th.img.susercontent.com/file/th-50009109-300ddf00d967483819649fe53299280c","‡∏ñ‡∏∏‡∏á PVC ‡∏™‡∏µ‡πÉ‡∏™ ‡∏Å‡∏±‡∏ô‡∏ô‡πâ‡∏≥ ‡∏™‡∏≥‡∏´‡∏£‡∏±‡∏ö‡∏û‡∏Å‡∏û‡∏≤","‡∏ã‡∏∑‡πâ‡∏≠ 4 ‡∏ä‡∏¥‡πâ‡∏ô ‡∏•‡∏î 2%","-","9","‡∏ø","18","‡∏Ç‡∏≤‡∏¢‡πÅ‡∏•‡πâ‡∏ß 29.3‡∏û‡∏±‡∏ô ‡∏ä‡∏¥‡πâ‡∏ô","‡∏ï‡πà‡∏≤‡∏á‡∏õ‡∏£‡∏∞‡πÄ‡∏ó‡∏®"
"https://shopee.co.th/%E0%B8%81%E0%B8%A3%E0%B8%B0%E0%B9%80%E0%B8%9B%E0%B9%8B%E0%B8%B2%E0%B9%80%E0%B8%81%E0%B9%87%E0%B8%9A%E0%B8%9C%E0%B9%89%E0%B8%B2%E0%B8%AD%E0%B8%99%E0%B8%B2%E0%B8%A1%E0%B8%B1%E0%B8%A2-%E0%B8%82%E0%B8%99%E0%B8%B2%E0%B8%94%E0%B9%83%E0%B8%AB%E0%B8%8D%E0%B9%88-%E0%B8%88%E0%B8%B8%E0%B8%82%E0%B8%AD%E0%B8%87%E0%B9%84%E0%B8%94%E0%B9%89%E0%B9%80%E0%B8%A2%E0%B8%AD%E0%B8%B0-%E0%B9%81%E0%B8%9A%E0%B8%9A%E0%B8%9E%E0%B8%81%E0%B8%9E%E0%B8%B2-%E0%B8%A5%E0%B8%B2%E0%B8%A2%E0%B8%81%E0%B8%B2%E0%B8%A3%E0%B9%8C%E0%B8%95%E0%B8%B9%E0%B8%99-%E0%B9%81%E0%B8%9F%E0%B8%8A%E0%B8%B1%E0%B9%88%E0%B8%99%E0%B8%AA%E0%B9%8D%E0%B8%B2%E0%B8%AB%E0%B8%A3%E0%B8%B1%E0%B8%9A%E0%B8%9C%E0%B8%B9%E0%B9%89%E0%B8%AB%E0%B8%8D%E0%B8%B4%E0%B8%87-i.157021241.17157197532?sp_atk=ca11fe24-ac4b-476a-927e-1d68fcf19f79&xptdk=ca11fe24-ac4b-476a-927e-1d68fcf19f79","https://down-th.img.susercontent.com/file/5e07e11a1ebd2c0a0fab1dc15a467c66_tn","‡∏£‡πâ‡∏≤‡∏ô‡πÅ‡∏ô‡∏∞‡∏ô‡∏≥","-95%","https://down-th.img.susercontent.com/file/th-50009109-d6d900f677f50efcf8aa1394468bbf73","‡∏Å‡∏£‡∏∞‡πÄ‡∏õ‡πã‡∏≤‡πÄ‡∏Å‡πá‡∏ö‡∏ú‡πâ‡∏≤‡∏≠‡∏ô‡∏≤‡∏°‡∏±‡∏¢ ‡∏Ç‡∏ô‡∏≤‡∏î‡πÉ‡∏´‡∏ç‡πà ‡∏à‡∏∏‡∏Ç‡∏≠‡∏á‡πÑ‡∏î‡πâ‡πÄ‡∏¢‡∏≠‡∏∞ ‡πÅ‡∏ö‡∏ö‡∏û‡∏Å‡∏û‡∏≤ ‡∏•‡∏≤‡∏¢‡∏Å‡∏≤‡∏£‡πå‡∏ï‡∏π‡∏ô ‡πÅ‡∏ü‡∏ä‡∏±‡πà‡∏ô‡∏™‡πç‡∏≤‡∏´‡∏£‡∏±‡∏ö‡∏ú‡∏π‡πâ‡∏´‡∏ç‡∏¥‡∏á","‡∏ã‡∏∑‡πâ‡∏≠ 5 ‡∏ä‡∏¥‡πâ‡∏ô ‡∏•‡∏î 5%","-","9","‡∏ø","36","‡∏Ç‡∏≤‡∏¢‡πÅ‡∏•‡πâ‡∏ß 9‡∏û‡∏±‡∏ô ‡∏ä‡∏¥‡πâ‡∏ô","‡∏ï‡πà‡∏≤‡∏á‡∏õ‡∏£‡∏∞‡πÄ‡∏ó‡∏®"
"https://shopee.co.th/%E0%B8%81%E0%B8%A3%E0%B8%B0%E0%B9%80%E0%B8%9B%E0%B9%8B%E0%B8%B2%E0%B8%AA%E0%B8%B0%E0%B8%9E%E0%B8%B2%E0%B8%A2%E0%B8%82%E0%B9%89%E0%B8%B2%E0%B8%87%E0%B8%9C%E0%B9%89%E0%B8%B2%E0%B9%81%E0%B8%84%E0%B8%99%E0%B8%A7%E0%B8%B2%E0%B8%AA-%E0%B8%81%E0%B8%A3%E0%B8%B0%E0%B9%80%E0%B8%9B%E0%B9%8B%E0%B8%B2%E0%B8%97%E0%B8%A3%E0%B8%87Messenger%E0%B8%AA%E0%B8%B0%E0%B8%9E%E0%B8%B2%E0%B8%A2%E0%B9%84%E0%B8%AB%E0%B8%A5%E0%B9%88-%E0%B9%81%E0%B8%9F%E0%B8%8A%E0%B8%B1%E0%B9%88%E0%B8%99%E0%B8%A7%E0%B8%B4%E0%B8%99%E0%B9%80%E0%B8%97%E0%B8%88-%E0%B8%A3%E0%B8%B8%E0%B9%88%E0%B8%99M825-i.284038002.9842791463?sp_atk=00cda5be-8f69-4006-b207-9837b5fa1abc&xptdk=00cda5be-8f69-4006-b207-9837b5fa1abc","https://down-th.img.susercontent.com/file/29462f92c67354161b930e752b85278a_tn","","-46%","https://down-th.img.susercontent.com/file/th-50009109-9c786d792d156d2e2f25280da85238f4","‡∏Å‡∏£‡∏∞‡πÄ‡∏õ‡πã‡∏≤‡∏™‡∏∞‡∏û‡∏≤‡∏¢‡∏Ç‡πâ‡∏≤‡∏á‡∏ú‡πâ‡∏≤‡πÅ‡∏Ñ‡∏ô‡∏ß‡∏≤‡∏™ ‡∏Å‡∏£‡∏∞‡πÄ‡∏õ‡πã‡∏≤‡∏ó‡∏£‡∏áMessenger‡∏™‡∏∞‡∏û‡∏≤‡∏¢‡πÑ‡∏´‡∏•‡πà ‡πÅ‡∏ü‡∏ä‡∏±‡πà‡∏ô‡∏ß‡∏¥‡∏ô‡πÄ‡∏ó‡∏à ‡∏£‡∏∏‡πà‡∏ôM825","","-","108","‡∏ø","158","‡∏Ç‡∏≤‡∏¢‡πÅ‡∏•‡πâ‡∏ß 7.1‡∏û‡∏±‡∏ô ‡∏ä‡∏¥‡πâ‡∏ô","‡∏à‡∏±‡∏á‡∏´‡∏ß‡∏±‡∏î‡∏Å‡∏£‡∏∏‡∏á‡πÄ‡∏ó‡∏û‡∏°‡∏´‡∏≤‡∏ô‡∏Ñ‡∏£"
"https://shopee.co.th/%E0%B8%96%E0%B8%B8%E0%B8%87%E0%B9%80%E0%B8%81%E0%B9%87%E0%B8%9A%E0%B9%82%E0%B8%A5%E0%B8%8A%E0%B8%B1%E0%B9%88%E0%B8%99-%E0%B9%81%E0%B8%8A%E0%B8%A1%E0%B8%9E%E0%B8%B9-%E0%B9%80%E0%B8%99%E0%B8%B7%E0%B9%89%E0%B8%AD%E0%B9%81%E0%B8%A1%E0%B8%95%E0%B8%95%E0%B9%8C-%E0%B9%81%E0%B8%9A%E0%B8%9A%E0%B9%83%E0%B8%AA-%E0%B8%82%E0%B8%99%E0%B8%B2%E0%B8%94-30-%E0%B8%A1%E0%B8%A5.-50-%E0%B8%A1%E0%B8%A5.-100-%E0%B8%A1%E0%B8%A5.-i.76226901.13614100926?sp_atk=a5cd560f-3d07-46e7-a271-6db14903a4ba&xptdk=a5cd560f-3d07-46e7-a271-6db14903a4ba","https://down-th.img.susercontent.com/file/a43ea0092bbd5651e461ef2450bff275_tn","‡∏£‡πâ‡∏≤‡∏ô‡πÅ‡∏ô‡∏∞‡∏ô‡∏≥","-80%","","‡∏ñ‡∏∏‡∏á‡πÄ‡∏Å‡πá‡∏ö‡πÇ‡∏•‡∏ä‡∏±‡πà‡∏ô ‡πÅ‡∏ä‡∏°‡∏û‡∏π ‡πÄ‡∏ô‡∏∑‡πâ‡∏≠‡πÅ‡∏°‡∏ï‡∏ï‡πå ‡πÅ‡∏ö‡∏ö‡πÉ‡∏™ ‡∏Ç‡∏ô‡∏≤‡∏î 30 ‡∏°‡∏•. 50 ‡∏°‡∏•. 100 ‡∏°‡∏•.","‡∏ã‡∏∑‡πâ‡∏≠ 5 ‡∏ä‡∏¥‡πâ‡∏ô ‡∏•‡∏î 5%","‡∏ø19","4","","","‡∏Ç‡∏≤‡∏¢‡πÅ‡∏•‡πâ‡∏ß 49.8‡∏û‡∏±‡∏ô ‡∏ä‡∏¥‡πâ‡∏ô","‡∏ï‡πà‡∏≤‡∏á‡∏õ‡∏£‡∏∞‡πÄ‡∏ó‡∏®"
"https://shopee.co.th/(B-855)%F0%9F%94%A5%E0%B8%81%E0%B8%A3%E0%B8%B0%E0%B9%80%E0%B8%9B%E0%B9%8B%E0%B8%B2%E0%B8%AA%E0%B8%B3%E0%B8%AB%E0%B8%A3%E0%B8%B1%E0%B8%9A%E0%B8%9C%E0%B8%B9%E0%B9%89%E0%B8%AB%E0%B8%8D%E0%B8%B4%E0%B8%87-%E0%B8%81%E0%B8%A3%E0%B8%B0%E0%B9%80%E0%B8%9B%E0%B9%8B%E0%B8%B2%E0%B8%AB%E0%B8%B9%E0%B8%A3%E0%B8%B9%E0%B8%94-%E0%B8%81%E0%B8%A3%E0%B8%B0%E0%B9%80%E0%B8%9B%E0%B9%8B%E0%B8%B2%E0%B8%9C%E0%B9%89%E0%B8%B2-%E0%B8%AA%E0%B9%84%E0%B8%95%E0%B8%A5%E0%B9%8C%E0%B9%80%E0%B8%81%E0%B8%B2%E0%B8%AB%E0%B8%A5%E0%B8%B5-%E0%B9%81%E0%B8%9F%E0%B8%8A%E0%B8%B1%E0%B9%88%E0%B8%99%E0%B8%A1%E0%B8%B2-%E0%B8%99%E0%B9%88%E0%B8%B2%E0%B8%A3%E0%B8%B1%E0%B8%81-drawstring-pocket-i.26237854.13395688701?sp_atk=21471603-f56d-4433-8829-c0d0767b91f2&xptdk=21471603-f56d-4433-8829-c0d0767b91f2","https://down-th.img.susercontent.com/file/1a43959ed0cfa2973f67d0ce6a86a104_tn","‡∏£‡πâ‡∏≤‡∏ô‡πÅ‡∏ô‡∏∞‡∏ô‡∏≥","-56%","https://down-th.img.susercontent.com/file/th-50009109-9c786d792d156d2e2f25280da85238f4","(B-855)üî•‡∏Å‡∏£‡∏∞‡πÄ‡∏õ‡πã‡∏≤‡∏™‡∏≥‡∏´‡∏£‡∏±‡∏ö‡∏ú‡∏π‡πâ‡∏´‡∏ç‡∏¥‡∏á ‡∏Å‡∏£‡∏∞‡πÄ‡∏õ‡πã‡∏≤‡∏´‡∏π‡∏£‡∏π‡∏î ‡∏Å‡∏£‡∏∞‡πÄ‡∏õ‡πã‡∏≤‡∏ú‡πâ‡∏≤ ‡∏™‡πÑ‡∏ï‡∏•‡πå‡πÄ‡∏Å‡∏≤‡∏´‡∏•‡∏µ ‡πÅ‡∏ü‡∏ä‡∏±‡πà‡∏ô‡∏°‡∏≤ ‡∏ô‡πà‡∏≤‡∏£‡∏±‡∏Å -drawstring pocket","","‡∏ø50","22","","","‡∏Ç‡∏≤‡∏¢‡πÅ‡∏•‡πâ‡∏ß 43.2‡∏û‡∏±‡∏ô ‡∏ä‡∏¥‡πâ‡∏ô","‡∏à‡∏±‡∏á‡∏´‡∏ß‡∏±‡∏î‡∏™‡∏°‡∏∏‡∏ó‡∏£‡∏õ‡∏£‡∏≤‡∏Å‡∏≤‡∏£"
"https://shopee.co.th/Konvy-Mesh-Square-Octagon-Bag-%E0%B8%84%E0%B8%AD%E0%B8%99%E0%B8%A7%E0%B8%B5%E0%B9%88-%E0%B8%81%E0%B8%A3%E0%B8%B0%E0%B9%80%E0%B8%9B%E0%B9%8B%E0%B8%B2%E0%B9%80%E0%B8%84%E0%B8%A3%E0%B8%B7%E0%B9%88%E0%B8%AD%E0%B8%87%E0%B8%AA%E0%B8%B3%E0%B8%AD%E0%B8%B2%E0%B8%87%E0%B9%81%E0%B8%9A%E0%B8%9A%E0%B8%95%E0%B8%B2%E0%B8%82%E0%B9%88%E0%B8%B2%E0%B8%A2%E0%B9%82%E0%B8%9B%E0%B8%A3%E0%B9%88%E0%B8%87%E0%B9%83%E0%B8%AA-%E0%B8%97%E0%B8%A3%E0%B8%87%E0%B8%AA%E0%B8%B5%E0%B9%88%E0%B9%80%E0%B8%AB%E0%B8%A5%E0%B8%B5%E0%B9%88%E0%B8%A2%E0%B8%A1.-i.70998059.18548440454?sp_atk=480dbc88-7dc9-4c43-84bc-06fcee4ed636&xptdk=480dbc88-7dc9-4c43-84bc-06fcee4ed636","https://down-th.img.susercontent.com/file/sg-11134201-7rbkg-lobr26uz2o0v04_tn","","-99%","","Konvy Mesh Square Octagon Bag ‡∏Ñ‡∏≠‡∏ô‡∏ß‡∏µ‡πà ‡∏Å‡∏£‡∏∞‡πÄ‡∏õ‡πã‡∏≤‡πÄ‡∏Ñ‡∏£‡∏∑‡πà‡∏≠‡∏á‡∏™‡∏≥‡∏≠‡∏≤‡∏á‡πÅ‡∏ö‡∏ö‡∏ï‡∏≤‡∏Ç‡πà‡∏≤‡∏¢‡πÇ‡∏õ‡∏£‡πà‡∏á‡πÉ‡∏™ ‡∏ó‡∏£‡∏á‡∏™‡∏µ‡πà‡πÄ‡∏´‡∏•‡∏µ‡πà‡∏¢‡∏°.","","‡∏ø159","1","","","‡∏Ç‡∏≤‡∏¢‡πÅ‡∏•‡πâ‡∏ß 20.4‡∏û‡∏±‡∏ô ‡∏ä‡∏¥‡πâ‡∏ô","‡∏à‡∏±‡∏á‡∏´‡∏ß‡∏±‡∏î‡∏Å‡∏£‡∏∏‡∏á‡πÄ‡∏ó‡∏û‡∏°‡∏´‡∏≤‡∏ô‡∏Ñ‡∏£"
"https://shopee.co.th/tokyosellected(T1618)-F2-%E0%B8%81%E0%B8%A3%E0%B8%B0%E0%B9%80%E0%B8%9B%E0%B9%8B%E0%B8%B2%E0%B8%AA%E0%B8%B0%E0%B8%9E%E0%B8%B2%E0%B8%A2%E0%B8%82%E0%B9%89%E0%B8%B2%E0%B8%87%E0%B8%9C%E0%B9%89%E0%B8%B2%E0%B9%81%E0%B8%84%E0%B8%99%E0%B8%A7%E0%B8%B2%E0%B8%AA%E0%B9%83%E0%B8%9A%E0%B9%80%E0%B8%A5%E0%B9%87%E0%B8%81-%E0%B8%9B%E0%B8%B1%E0%B8%81%E0%B8%A5%E0%B8%B2%E0%B8%A2%E0%B8%AD%E0%B8%A7%E0%B8%81%E0%B8%B2%E0%B8%A8-i.92773471.9650272193?sp_atk=7d2becf0-7946-45b8-984f-8f116cafe6a4&xptdk=7d2becf0-7946-45b8-984f-8f116cafe6a4","https://down-th.img.susercontent.com/file/a111dacf6b41d3a298267848c4ef994e_tn","‡∏£‡πâ‡∏≤‡∏ô‡πÅ‡∏ô‡∏∞‡∏ô‡∏≥","-27%","","tokyosellected(T1618) -F2 ‡∏Å‡∏£‡∏∞‡πÄ‡∏õ‡πã‡∏≤‡∏™‡∏∞‡∏û‡∏≤‡∏¢‡∏Ç‡πâ‡∏≤‡∏á‡∏ú‡πâ‡∏≤‡πÅ‡∏Ñ‡∏ô‡∏ß‡∏≤‡∏™‡πÉ‡∏ö‡πÄ‡∏•‡πá‡∏Å ‡∏õ‡∏±‡∏Å‡∏•‡∏≤‡∏¢‡∏≠‡∏ß‡∏Å‡∏≤‡∏®","","‡∏ø75","55","","","‡∏Ç‡∏≤‡∏¢‡πÅ‡∏•‡πâ‡∏ß 11.1‡∏û‡∏±‡∏ô ‡∏ä‡∏¥‡πâ‡∏ô","‡∏à‡∏±‡∏á‡∏´‡∏ß‡∏±‡∏î‡∏Å‡∏£‡∏∏‡∏á‡πÄ‡∏ó‡∏û‡∏°‡∏´‡∏≤‡∏ô‡∏Ñ‡∏£"
"https://shopee.co.th/%E0%B8%81%E0%B8%A3%E0%B8%A7%E0%B8%A2%E0%B8%9E%E0%B8%A5%E0%B8%B2%E0%B8%AA%E0%B8%95%E0%B8%B4%E0%B8%81-%E0%B8%82%E0%B8%99%E0%B8%B2%E0%B8%94%E0%B9%80%E0%B8%A5%E0%B9%87%E0%B8%81-%E0%B8%AA%E0%B8%B3%E0%B8%AB%E0%B8%A3%E0%B8%B1%E0%B8%9A%E0%B8%81%E0%B8%A3%E0%B8%AD%E0%B8%81%E0%B8%82%E0%B8%AD%E0%B8%87%E0%B9%80%E0%B8%AB%E0%B8%A5%E0%B8%A7-i.270411891.12443280580?sp_atk=d0346049-ba40-4491-a05e-234e8e0ff77d&xptdk=d0346049-ba40-4491-a05e-234e8e0ff77d","https://down-th.img.susercontent.com/file/1086068dff18e747b8c9142e60232796_tn","","-67%","https://down-th.img.susercontent.com/file/th-50009109-9c786d792d156d2e2f25280da85238f4","‡∏Å‡∏£‡∏ß‡∏¢‡∏û‡∏•‡∏≤‡∏™‡∏ï‡∏¥‡∏Å ‡∏Ç‡∏ô‡∏≤‡∏î‡πÄ‡∏•‡πá‡∏Å ‡∏™‡∏≥‡∏´‡∏£‡∏±‡∏ö‡∏Å‡∏£‡∏≠‡∏Å‡∏Ç‡∏≠‡∏á‡πÄ‡∏´‡∏•‡∏ß","‡∏ã‡∏∑‡πâ‡∏≠ 3 ‡∏ä‡∏¥‡πâ‡∏ô ‡∏•‡∏î 3%","‡∏ø3","1","","","‡∏Ç‡∏≤‡∏¢‡πÅ‡∏•‡πâ‡∏ß 70.3‡∏û‡∏±‡∏ô ‡∏ä‡∏¥‡πâ‡∏ô","‡∏ï‡πà‡∏≤‡∏á‡∏õ‡∏£‡∏∞‡πÄ‡∏ó‡∏®"
"https://shopee.co.th/TAIDU-%E0%B8%96%E0%B8%B8%E0%B8%87%E0%B8%81%E0%B8%A3%E0%B8%B0%E0%B8%94%E0%B8%B2%E0%B8%A9%E0%B9%81%E0%B8%A1%E0%B8%84%E0%B9%82%E0%B8%94%E0%B8%99%E0%B8%B1%E0%B8%A5-%E0%B8%81%E0%B8%A3%E0%B8%B0%E0%B9%80%E0%B8%9B%E0%B9%8B%E0%B8%B2%E0%B8%AA%E0%B8%B0%E0%B8%9E%E0%B8%B2%E0%B8%A2-%E0%B9%84%E0%B8%AB%E0%B8%A5%E0%B9%88%E0%B8%99%E0%B8%B1%E0%B8%81%E0%B9%80%E0%B8%A3%E0%B8%B5%E0%B8%A2%E0%B8%99-%E0%B8%84%E0%B8%A7%E0%B8%B2%E0%B8%A1%E0%B8%88%E0%B8%B8%E0%B8%AA%E0%B8%B9%E0%B8%87-%E0%B8%A3%E0%B8%B9%E0%B8%9B%E0%B8%A3%E0%B9%88%E0%B8%B2%E0%B8%87%E0%B8%99%E0%B9%88%E0%B8%B2%E0%B8%A3%E0%B8%B1%E0%B8%81%E0%B9%81%E0%B8%A5%E0%B8%B0%E0%B8%99%E0%B9%88%E0%B8%B2%E0%B8%AA%E0%B8%99%E0%B9%83%E0%B8%88-i.593651531.10998653180?sp_atk=5fd06a71-2b27-4ee9-8afc-d06baaf15586&xptdk=5fd06a71-2b27-4ee9-8afc-d06baaf15586","https://down-th.img.susercontent.com/file/sg-11134201-22110-fvbe8v67z0jvc8_tn","","-61%","https://down-th.img.susercontent.com/file/th-50009109-7e2d94cea1f22ac04e85327f430d5557","TAIDU ‡∏ñ‡∏∏‡∏á‡∏Å‡∏£‡∏∞‡∏î‡∏≤‡∏©‡πÅ‡∏°‡∏Ñ‡πÇ‡∏î‡∏ô‡∏±‡∏• ‡∏Å‡∏£‡∏∞‡πÄ‡∏õ‡πã‡∏≤‡∏™‡∏∞‡∏û‡∏≤‡∏¢ ‡πÑ‡∏´‡∏•‡πà‡∏ô‡∏±‡∏Å‡πÄ‡∏£‡∏µ‡∏¢‡∏ô ‡∏Ñ‡∏ß‡∏≤‡∏°‡∏à‡∏∏‡∏™‡∏π‡∏á ‡∏£‡∏π‡∏õ‡∏£‡πà‡∏≤‡∏á‡∏ô‡πà‡∏≤‡∏£‡∏±‡∏Å‡πÅ‡∏•‡∏∞‡∏ô‡πà‡∏≤‡∏™‡∏ô‡πÉ‡∏à","","-","67","‡∏ø","119","‡∏Ç‡∏≤‡∏¢‡πÅ‡∏•‡πâ‡∏ß 3.8‡∏û‡∏±‡∏ô ‡∏ä‡∏¥‡πâ‡∏ô","‡∏ï‡πà‡∏≤‡∏á‡∏õ‡∏£‡∏∞‡πÄ‡∏ó‡∏®"
"https://shopee.co.th/(M-545)%F0%9F%94%A599BAS49%F0%9F%94%A5%F0%9F%9A%9A%E0%B8%81%E0%B8%A3%E0%B8%B0%E0%B9%80%E0%B8%9B%E0%B9%8B%E0%B8%B2%E0%B8%88%E0%B8%B1%E0%B8%94%E0%B8%A3%E0%B8%B0%E0%B9%80%E0%B8%9A%E0%B8%B5%E0%B8%A2%E0%B8%9A%E0%B8%AD%E0%B9%80%E0%B8%99%E0%B8%81%E0%B8%9B%E0%B8%A3%E0%B8%B0%E0%B8%AA%E0%B8%87%E0%B8%84%E0%B9%8C%E0%B9%80%E0%B8%81%E0%B8%B2%E0%B8%AB%E0%B8%A5%E0%B8%B5%E0%B9%80%E0%B8%A3%E0%B8%B5%E0%B8%A2%E0%B8%9A%E0%B8%AB%E0%B8%A3%E0%B8%B9%E0%B8%94%E0%B8%B9%E0%B9%81%E0%B8%9E%E0%B8%87-i.26237854.1945622144?sp_atk=ba3e31cb-0e86-4ed2-bdf2-e51f6cce1582&xptdk=ba3e31cb-0e86-4ed2-bdf2-e51f6cce1582","https://down-th.img.susercontent.com/file/5c37e1cc6073d0252b5e56ca51d7c62d_tn","‡∏£‡πâ‡∏≤‡∏ô‡πÅ‡∏ô‡∏∞‡∏ô‡∏≥","-87%","https://down-th.img.susercontent.com/file/th-50009109-7e2d94cea1f22ac04e85327f430d5557","(M-545)üî•99BAS49üî•üöö‡∏Å‡∏£‡∏∞‡πÄ‡∏õ‡πã‡∏≤‡∏à‡∏±‡∏î‡∏£‡∏∞‡πÄ‡∏ö‡∏µ‡∏¢‡∏ö‡∏≠‡πÄ‡∏ô‡∏Å‡∏õ‡∏£‡∏∞‡∏™‡∏á‡∏Ñ‡πå‡πÄ‡∏Å‡∏≤‡∏´‡∏•‡∏µ‡πÄ‡∏£‡∏µ‡∏¢‡∏ö‡∏´‡∏£‡∏π‡∏î‡∏π‡πÅ‡∏û‡∏á","","-","27","‡∏ø","34","‡∏Ç‡∏≤‡∏¢‡πÅ‡∏•‡πâ‡∏ß 310.6‡∏û‡∏±‡∏ô ‡∏ä‡∏¥‡πâ‡∏ô","‡∏à‡∏±‡∏á‡∏´‡∏ß‡∏±‡∏î‡∏™‡∏°‡∏∏‡∏ó‡∏£‡∏õ‡∏£‡∏≤‡∏Å‡∏≤‡∏£"
"https://shopee.co.th/%E0%B8%81%E0%B8%A3%E0%B8%B0%E0%B9%80%E0%B8%9B%E0%B9%8B%E0%B8%B2%E0%B8%81%E0%B8%B2%E0%B8%A3%E0%B9%8C%E0%B8%95%E0%B8%B9%E0%B8%99%E0%B9%83%E0%B8%AB%E0%B8%A1%E0%B9%88-%E0%B8%81%E0%B8%A3%E0%B8%B0%E0%B9%80%E0%B8%9B%E0%B9%8B%E0%B8%B2%E0%B8%96%E0%B8%B7%E0%B8%AD%E0%B8%AA%E0%B8%B1%E0%B8%81%E0%B8%AB%E0%B8%A5%E0%B8%B2%E0%B8%94-%E0%B8%82%E0%B8%AD%E0%B8%87%E0%B8%97%E0%B8%B5%E0%B9%88%E0%B8%A3%E0%B8%B0%E0%B8%A5%E0%B8%B6%E0%B8%81-%E0%B8%96%E0%B8%B8%E0%B8%87%E0%B8%8A%E0%B9%89%E0%B8%AD%E0%B8%9B%E0%B8%9B%E0%B8%B4%E0%B9%89%E0%B8%87%E0%B8%A1%E0%B8%B7%E0%B8%AD-%E0%B8%96%E0%B8%B8%E0%B8%87%E0%B8%82%E0%B8%AD%E0%B8%87%E0%B8%82%E0%B8%A7%E0%B8%B1%E0%B8%8D%E0%B8%81%E0%B8%A3%E0%B8%B0%E0%B9%80%E0%B8%9B%E0%B9%8B%E0%B8%B2%E0%B8%96%E0%B8%B7%E0%B8%AD-%E0%B8%81%E0%B8%A3%E0%B8%B0%E0%B9%80%E0%B8%9B%E0%B9%8B%E0%B8%B2%E0%B8%96%E0%B8%B7%E0%B8%AD%E0%B8%9C%E0%B8%B9%E0%B9%89%E0%B8%AB%E0%B8%8D%E0%B8%B4%E0%B8%87-i.325208056.17274424346?sp_atk=c33f394f-6688-4e4f-a879-8425eb05a5ed&xptdk=c33f394f-6688-4e4f-a879-8425eb05a5ed","https://down-th.img.susercontent.com/file/cn-11134207-7qukw-lfj263ygg43cda_tn","‡∏£‡πâ‡∏≤‡∏ô‡πÅ‡∏ô‡∏∞‡∏ô‡∏≥","-80%","https://down-th.img.susercontent.com/file/th-50009109-9c786d792d156d2e2f25280da85238f4","‡∏Å‡∏£‡∏∞‡πÄ‡∏õ‡πã‡∏≤‡∏Å‡∏≤‡∏£‡πå‡∏ï‡∏π‡∏ô‡πÉ‡∏´‡∏°‡πà ‡∏Å‡∏£‡∏∞‡πÄ‡∏õ‡πã‡∏≤‡∏ñ‡∏∑‡∏≠‡∏™‡∏±‡∏Å‡∏´‡∏•‡∏≤‡∏î ‡∏Ç‡∏≠‡∏á‡∏ó‡∏µ‡πà‡∏£‡∏∞‡∏•‡∏∂‡∏Å ‡∏ñ‡∏∏‡∏á‡∏ä‡πâ‡∏≠‡∏õ‡∏õ‡∏¥‡πâ‡∏á‡∏°‡∏∑‡∏≠ ‡∏ñ‡∏∏‡∏á‡∏Ç‡∏≠‡∏á‡∏Ç‡∏ß‡∏±‡∏ç‡∏Å‡∏£‡∏∞‡πÄ‡∏õ‡πã‡∏≤‡∏ñ‡∏∑‡∏≠ ‡∏Å‡∏£‡∏∞‡πÄ‡∏õ‡πã‡∏≤‡∏ñ‡∏∑‡∏≠‡∏ú‡∏π‡πâ‡∏´‡∏ç‡∏¥‡∏á","‡∏ã‡∏∑‡πâ‡∏≠ 5 ‡∏ä‡∏¥‡πâ‡∏ô ‡∏•‡∏î ‡∏ø3","-","49","‡∏ø","67","‡∏Ç‡∏≤‡∏¢‡πÅ‡∏•‡πâ‡∏ß 9.3‡∏û‡∏±‡∏ô ‡∏ä‡∏¥‡πâ‡∏ô","‡∏ï‡πà‡∏≤‡∏á‡∏õ‡∏£‡∏∞‡πÄ‡∏ó‡∏®"
"https://shopee.co.th/%E0%B8%82%E0%B8%A7%E0%B8%94%E0%B8%9E%E0%B8%A5%E0%B8%B2%E0%B8%AA%E0%B8%95%E0%B8%B4%E0%B8%81%E0%B9%80%E0%B8%9B%E0%B8%A5%E0%B9%88%E0%B8%B2-%E0%B8%81%E0%B8%94%E0%B8%9B%E0%B8%B1%E0%B9%8A%E0%B8%A1-%E0%B8%82%E0%B8%A7%E0%B8%94%E0%B8%A3%E0%B8%B5%E0%B8%9F%E0%B8%B4%E0%B8%A5-%E0%B8%9E%E0%B8%81%E0%B8%9E%E0%B8%B2%E0%B9%80%E0%B8%94%E0%B8%B4%E0%B8%99%E0%B8%97%E0%B8%B2-100-%E0%B8%A1%E0%B8%A5.150-%E0%B8%A1%E0%B8%A5.-200-%E0%B8%A1%E0%B8%A5.-i.76226901.5420264241?sp_atk=fe697386-42fa-462d-8c43-9379eb44d840&xptdk=fe697386-42fa-462d-8c43-9379eb44d840","https://down-th.img.susercontent.com/file/6669e6ed38a5cd9be93186ea1904db5a_tn","‡∏£‡πâ‡∏≤‡∏ô‡πÅ‡∏ô‡∏∞‡∏ô‡∏≥","-86%","https://down-th.img.susercontent.com/file/th-50009109-d6d900f677f50efcf8aa1394468bbf73","‡∏Ç‡∏ß‡∏î‡∏û‡∏•‡∏≤‡∏™‡∏ï‡∏¥‡∏Å‡πÄ‡∏õ‡∏•‡πà‡∏≤ ‡∏Å‡∏î‡∏õ‡∏±‡πä‡∏° ‡∏Ç‡∏ß‡∏î‡∏£‡∏µ‡∏ü‡∏¥‡∏• ‡∏û‡∏Å‡∏û‡∏≤‡πÄ‡∏î‡∏¥‡∏ô‡∏ó‡∏≤ 100 ‡∏°‡∏•.150 ‡∏°‡∏•. 200 ‡∏°‡∏•.","‡∏ã‡∏∑‡πâ‡∏≠ 5 ‡∏ä‡∏¥‡πâ‡∏ô ‡∏•‡∏î 5%","-","21","‡∏ø","25","‡∏Ç‡∏≤‡∏¢‡πÅ‡∏•‡πâ‡∏ß 10.3‡∏û‡∏±‡∏ô ‡∏ä‡∏¥‡πâ‡∏ô","‡∏ï‡πà‡∏≤‡∏á‡∏õ‡∏£‡∏∞‡πÄ‡∏ó‡∏®"
"https://shopee.co.th/(B003-)Dinosaur%F0%9F%94%A5%F0%9F%94%A5%F0%9F%94%A5%E0%B8%81%E0%B8%A3%E0%B8%B0%E0%B9%80%E0%B8%9B%E0%B9%8B%E0%B8%B2%E0%B8%AA%E0%B8%B0%E0%B8%9E%E0%B8%B2%E0%B8%A2%E0%B8%82%E0%B9%89%E0%B8%B2%E0%B8%87%E0%B9%83%E0%B8%9A%E0%B9%80%E0%B8%A5%E0%B9%87%E0%B8%81-Din-%F0%9F%92%A5%F0%9F%92%A5%F0%9F%92%A5%F0%9F%92%A5-i.696506283.20833657061?sp_atk=d8726584-b3eb-40be-b5ae-86b09bbc525d&xptdk=d8726584-b3eb-40be-b5ae-86b09bbc525d","https://down-th.img.susercontent.com/file/b285e5b48580eca71db528b9e6befeb1_tn","","","","(B003#)Dinosaurüî•üî•üî•‡∏Å‡∏£‡∏∞‡πÄ‡∏õ‡πã‡∏≤‡∏™‡∏∞‡∏û‡∏≤‡∏¢‡∏Ç‡πâ‡∏≤‡∏á‡πÉ‡∏ö‡πÄ‡∏•‡πá‡∏Å Din#üí•üí•üí•üí•","","","34","","","‡∏Ç‡∏≤‡∏¢‡πÅ‡∏•‡πâ‡∏ß 9.6‡∏û‡∏±‡∏ô ‡∏ä‡∏¥‡πâ‡∏ô","‡∏à‡∏±‡∏á‡∏´‡∏ß‡∏±‡∏î‡∏ô‡∏ô‡∏ó‡∏ö‡∏∏‡∏£‡∏µ"
"https://shopee.co.th/%E0%B8%81%E0%B8%A3%E0%B8%B0%E0%B9%80%E0%B8%9B%E0%B9%8B%E0%B8%B2%E0%B9%80%E0%B8%84%E0%B8%A3%E0%B8%B7%E0%B9%88%E0%B8%AD%E0%B8%87%E0%B8%AA%E0%B9%8D%E0%B8%B2%E0%B8%AD%E0%B8%B2%E0%B8%87-%E0%B8%81%E0%B8%A3%E0%B8%B0%E0%B9%80%E0%B8%9B%E0%B9%8B%E0%B8%B2%E0%B8%AB%E0%B8%99%E0%B8%B1%E0%B8%87-%E0%B8%AD%E0%B9%80%E0%B8%99%E0%B8%81%E0%B8%9B%E0%B8%A3%E0%B8%B0%E0%B8%AA%E0%B8%87%E0%B8%84%E0%B9%8C-%E0%B8%88%E0%B8%B8%E0%B8%82%E0%B8%AD%E0%B8%87%E0%B9%84%E0%B8%94%E0%B9%89%E0%B9%80%E0%B8%A2%E0%B8%AD%E0%B8%B0-%E0%B9%81%E0%B8%9A%E0%B8%9A%E0%B8%9E%E0%B8%81%E0%B8%9E%E0%B8%B2-%E0%B8%81%E0%B8%B1%E0%B8%99%E0%B8%99%E0%B9%89%E0%B9%8D%E0%B8%B2-%E0%B8%82%E0%B8%AD%E0%B8%87%E0%B9%83%E0%B8%8A%E0%B9%89%E0%B9%83%E0%B8%99%E0%B8%AB%E0%B9%89%E0%B8%AD%E0%B8%87%E0%B8%99%E0%B9%89%E0%B9%8D%E0%B8%B2-%E0%B8%AA%E0%B9%8D%E0%B8%B2%E0%B8%AB%E0%B8%A3%E0%B8%B1%E0%B8%9A%E0%B8%9C%E0%B8%B9%E0%B9%89%E0%B8%AB%E0%B8%8D%E0%B8%B4%E0%B8%87-%E0%B8%81%E0%B8%A3%E0%B8%B0%E0%B9%80%E0%B8%9B%E0%B9%8B%E0%B8%B2%E0%B9%80%E0%B8%84%E0%B8%A3%E0%B8%B7%E0%B9%88%E0%B8%AD%E0%B8%87%E0%B8%AA%E0%B8%B3%E0%B8%AD%E0%B8%B2%E0%B8%87%E0%B8%84%E0%B9%8C-%E0%B8%81%E0%B8%A3%E0%B8%B0%E0%B9%80%E0%B8%9B%E0%B9%8B%E0%B8%B2%E0%B9%83%E0%B8%AA%E0%B9%88%E0%B9%80%E0%B8%84%E0%B8%A3%E0%B8%B7%E0%B9%88%E0%B8%AD%E0%B8%87%E0%B8%AA%E0%B8%B3%E0%B8%AD%E0%B8%B2%E0%B8%87%E0%B8%84%E0%B9%8C-i.432493815.17685656029?sp_atk=afd252ec-90a1-4c3f-982c-b5f5537708be&xptdk=afd252ec-90a1-4c3f-982c-b5f5537708be","https://down-th.img.susercontent.com/file/31de79416eec5ccadb7181c17c9cf86a_tn","","-98%","https://down-th.img.susercontent.com/file/th-50009109-046794c5ea23d6812a0e40e6e0f9ef76","‡∏Å‡∏£‡∏∞‡πÄ‡∏õ‡πã‡∏≤‡πÄ‡∏Ñ‡∏£‡∏∑‡πà‡∏≠‡∏á‡∏™‡πç‡∏≤‡∏≠‡∏≤‡∏á ‡∏Å‡∏£‡∏∞‡πÄ‡∏õ‡πã‡∏≤‡∏´‡∏ô‡∏±‡∏á ‡∏≠‡πÄ‡∏ô‡∏Å‡∏õ‡∏£‡∏∞‡∏™‡∏á‡∏Ñ‡πå ‡∏à‡∏∏‡∏Ç‡∏≠‡∏á‡πÑ‡∏î‡πâ‡πÄ‡∏¢‡∏≠‡∏∞ ‡πÅ‡∏ö‡∏ö‡∏û‡∏Å‡∏û‡∏≤ ‡∏Å‡∏±‡∏ô‡∏ô‡πâ‡πç‡∏≤ ‡∏Ç‡∏≠‡∏á‡πÉ‡∏ä‡πâ‡πÉ‡∏ô‡∏´‡πâ‡∏≠‡∏á‡∏ô‡πâ‡πç‡∏≤ ‡∏™‡πç‡∏≤‡∏´‡∏£‡∏±‡∏ö‡∏ú‡∏π‡πâ‡∏´‡∏ç‡∏¥‡∏á ‡∏Å‡∏£‡∏∞‡πÄ‡∏õ‡πã‡∏≤‡πÄ‡∏Ñ‡∏£‡∏∑‡πà‡∏≠‡∏á‡∏™‡∏≥‡∏≠‡∏≤‡∏á‡∏Ñ‡πå ‡∏Å‡∏£‡∏∞‡πÄ‡∏õ‡πã‡∏≤‡πÉ‡∏™‡πà‡πÄ‡∏Ñ‡∏£‡∏∑‡πà‡∏≠‡∏á‡∏™‡∏≥‡∏≠‡∏≤‡∏á‡∏Ñ‡πå","","-","27","‡∏ø","73","‡∏Ç‡∏≤‡∏¢‡πÅ‡∏•‡πâ‡∏ß 10.5‡∏û‡∏±‡∏ô ‡∏ä‡∏¥‡πâ‡∏ô","‡∏ï‡πà‡∏≤‡∏á‡∏õ‡∏£‡∏∞‡πÄ‡∏ó‡∏®"
"https://shopee.co.th/%E0%B8%96%E0%B8%B8%E0%B8%87%E0%B8%9C%E0%B9%89%E0%B8%B2%E0%B8%81%E0%B8%B3%E0%B8%A1%E0%B8%B0%E0%B8%AB%E0%B8%A2%E0%B8%B5%E0%B9%88-%E0%B8%AB%E0%B8%B9%E0%B8%A3%E0%B8%B9%E0%B8%94-%E0%B8%96%E0%B8%B8%E0%B8%87%E0%B8%9C%E0%B9%89%E0%B8%B2%E0%B8%AB%E0%B8%B9%E0%B8%A3%E0%B8%B9%E0%B8%94-%E0%B8%96%E0%B8%B8%E0%B8%87%E0%B8%81%E0%B8%B3%E0%B8%A1%E0%B8%B0%E0%B8%AB%E0%B8%A2%E0%B8%B5%E0%B9%88-%E0%B9%83%E0%B8%AA%E0%B9%88%E0%B9%80%E0%B8%84%E0%B8%A3%E0%B8%B7%E0%B9%88%E0%B8%AD%E0%B8%87%E0%B8%9B%E0%B8%A3%E0%B8%B0%E0%B8%94%E0%B8%B1%E0%B8%9A-%E0%B8%9E%E0%B8%A3%E0%B8%B0-%E0%B9%83%E0%B8%AA%E0%B9%88%E0%B8%82%E0%B8%AD%E0%B8%87%E0%B8%8A%E0%B8%B3%E0%B8%A3%E0%B9%88%E0%B8%A7%E0%B8%A2-%E0%B9%83%E0%B8%9A%E0%B9%80%E0%B8%A5%E0%B9%87%E0%B8%81%E0%B9%83%E0%B8%AB%E0%B8%8D%E0%B9%88-%E0%B8%81%E0%B8%A3%E0%B8%B0%E0%B9%80%E0%B8%9B%E0%B9%8B%E0%B8%B2%E0%B9%80%E0%B8%8A%E0%B8%B7%E0%B8%AD%E0%B8%81%E0%B8%A3%E0%B8%B9%E0%B8%94%E0%B8%99%E0%B9%88%E0%B8%B2%E0%B8%A3%E0%B8%B1%E0%B8%81%E0%B9%86-%E0%B8%A3%E0%B8%B2%E0%B8%84%E0%B8%B2%E0%B8%AA%E0%B9%88%E0%B8%87-i.813575125.20423004245?sp_atk=bc65b746-e43d-419a-80ed-50005ca1b218&xptdk=bc65b746-e43d-419a-80ed-50005ca1b218","https://down-th.img.susercontent.com/file/4381966d926b3ca0155e71aaa982a4e0_tn","","","","‡∏ñ‡∏∏‡∏á‡∏ú‡πâ‡∏≤‡∏Å‡∏≥‡∏°‡∏∞‡∏´‡∏¢‡∏µ‡πà ‡∏´‡∏π‡∏£‡∏π‡∏î ‡∏ñ‡∏∏‡∏á‡∏ú‡πâ‡∏≤‡∏´‡∏π‡∏£‡∏π‡∏î ‡∏ñ‡∏∏‡∏á‡∏Å‡∏≥‡∏°‡∏∞‡∏´‡∏¢‡∏µ‡πà ‡πÉ‡∏™‡πà‡πÄ‡∏Ñ‡∏£‡∏∑‡πà‡∏≠‡∏á‡∏õ‡∏£‡∏∞‡∏î‡∏±‡∏ö ‡∏û‡∏£‡∏∞ ‡πÉ‡∏™‡πà‡∏Ç‡∏≠‡∏á‡∏ä‡∏≥‡∏£‡πà‡∏ß‡∏¢ ‡πÉ‡∏ö‡πÄ‡∏•‡πá‡∏Å‡πÉ‡∏´‡∏ç‡πà ‡∏Å‡∏£‡∏∞‡πÄ‡∏õ‡πã‡∏≤‡πÄ‡∏ä‡∏∑‡∏≠‡∏Å‡∏£‡∏π‡∏î‡∏ô‡πà‡∏≤‡∏£‡∏±‡∏Å‡πÜ ‡∏£‡∏≤‡∏Ñ‡∏≤‡∏™‡πà‡∏á","","-","3","‡∏ø","8","‡∏Ç‡∏≤‡∏¢‡πÅ‡∏•‡πâ‡∏ß 85.9‡∏û‡∏±‡∏ô ‡∏ä‡∏¥‡πâ‡∏ô","‡∏à‡∏±‡∏á‡∏´‡∏ß‡∏±‡∏î‡∏ô‡∏Ñ‡∏£‡∏£‡∏≤‡∏ä‡∏™‡∏µ‡∏°‡∏≤"
"https://shopee.co.th/%E0%B8%88%E0%B8%B8%E0%B8%81%E0%B9%81%E0%B8%9A%E0%B9%88%E0%B8%87%E0%B8%99%E0%B9%89%E0%B8%B3%E0%B8%AB%E0%B8%AD%E0%B8%A1-%E0%B8%AB%E0%B8%B1%E0%B8%A7%E0%B9%81%E0%B8%9A%E0%B9%88%E0%B8%87%E0%B8%99%E0%B9%89%E0%B8%B3%E0%B8%AB%E0%B8%AD%E0%B8%A1-%E0%B8%AD%E0%B8%B8%E0%B8%9B%E0%B8%81%E0%B8%A3%E0%B8%93%E0%B9%8C%E0%B9%81%E0%B8%9A%E0%B9%88%E0%B8%87%E0%B8%99%E0%B9%89%E0%B8%B3%E0%B8%AB%E0%B8%AD%E0%B8%A1-%E0%B8%88%E0%B8%B8%E0%B8%81%E0%B8%AA%E0%B8%A7%E0%B8%A1-%E0%B9%84%E0%B8%8B%E0%B8%A3%E0%B8%B4%E0%B9%89%E0%B8%87-i.19738219.4769148455?sp_atk=013c91cb-c9a6-4d52-8eee-4483ab23e231&xptdk=013c91cb-c9a6-4d52-8eee-4483ab23e231","https://down-th.img.susercontent.com/file/th-11134207-7r98o-lkz0hd154fzgb7_tn","‡∏£‡πâ‡∏≤‡∏ô‡πÅ‡∏ô‡∏∞‡∏ô‡∏≥","","https://down-th.img.susercontent.com/file/th-50009109-046794c5ea23d6812a0e40e6e0f9ef76","‡∏à‡∏∏‡∏Å‡πÅ‡∏ö‡πà‡∏á‡∏ô‡πâ‡∏≥‡∏´‡∏≠‡∏° ‡∏´‡∏±‡∏ß‡πÅ‡∏ö‡πà‡∏á‡∏ô‡πâ‡∏≥‡∏´‡∏≠‡∏° ‡∏≠‡∏∏‡∏õ‡∏Å‡∏£‡∏ì‡πå‡πÅ‡∏ö‡πà‡∏á‡∏ô‡πâ‡∏≥‡∏´‡∏≠‡∏° ‡∏à‡∏∏‡∏Å‡∏™‡∏ß‡∏° ‡πÑ‡∏ã‡∏£‡∏¥‡πâ‡∏á","","-","3","‡∏ø","12","‡∏Ç‡∏≤‡∏¢‡πÅ‡∏•‡πâ‡∏ß 50.4‡∏û‡∏±‡∏ô ‡∏ä‡∏¥‡πâ‡∏ô","‡∏à‡∏±‡∏á‡∏´‡∏ß‡∏±‡∏î‡πÄ‡∏ä‡∏µ‡∏¢‡∏á‡πÉ‡∏´‡∏°‡πà"
"https://shopee.co.th/(B-562)%F0%9F%94%A5-%E0%B8%81%E0%B8%A3%E0%B8%B0%E0%B9%80%E0%B8%9B%E0%B9%8B%E0%B8%B2%E0%B8%AA%E0%B8%B0%E0%B8%9E%E0%B8%B2%E0%B8%A2%E0%B8%82%E0%B9%89%E0%B8%B2%E0%B8%87-%E0%B8%81%E0%B8%A3%E0%B8%B0%E0%B9%80%E0%B8%9B%E0%B9%8B%E0%B8%B2%E0%B8%95%E0%B8%B8%E0%B9%8A%E0%B8%81%E0%B8%95%E0%B8%B2-%E0%B8%AA%E0%B9%84%E0%B8%95%E0%B8%A5%E0%B9%8C%E0%B9%80%E0%B8%81%E0%B8%B2%E0%B8%AB%E0%B8%A5%E0%B8%B5-%E0%B9%81%E0%B8%9F%E0%B8%8A%E0%B8%B1%E0%B9%88%E0%B8%99%E0%B8%A1%E0%B8%B2-%E0%B8%99%E0%B9%88%E0%B8%B2%E0%B8%A3%E0%B8%B1%E0%B8%81-plush-bag-i.26237854.20812785050?sp_atk=b128c121-2f8b-4a97-9357-949adf324d79&xptdk=b128c121-2f8b-4a97-9357-949adf324d79","https://down-th.img.susercontent.com/file/4ce41e56eba8077a38cd88f92d520f69_tn","‡∏£‡πâ‡∏≤‡∏ô‡πÅ‡∏ô‡∏∞‡∏ô‡∏≥","-32%","https://down-th.img.susercontent.com/file/th-50009109-9c786d792d156d2e2f25280da85238f4","(B-562)üî• ‡∏Å‡∏£‡∏∞‡πÄ‡∏õ‡πã‡∏≤‡∏™‡∏∞‡∏û‡∏≤‡∏¢‡∏Ç‡πâ‡∏≤‡∏á ‡∏Å‡∏£‡∏∞‡πÄ‡∏õ‡πã‡∏≤‡∏ï‡∏∏‡πä‡∏Å‡∏ï‡∏≤ ‡∏™‡πÑ‡∏ï‡∏•‡πå‡πÄ‡∏Å‡∏≤‡∏´‡∏•‡∏µ ‡πÅ‡∏ü‡∏ä‡∏±‡πà‡∏ô‡∏°‡∏≤ ‡∏ô‡πà‡∏≤‡∏£‡∏±‡∏Å plush bag","","‡∏ø100","68","","","‡∏Ç‡∏≤‡∏¢‡πÅ‡∏•‡πâ‡∏ß 25.7‡∏û‡∏±‡∏ô ‡∏ä‡∏¥‡πâ‡∏ô","‡∏à‡∏±‡∏á‡∏´‡∏ß‡∏±‡∏î‡∏™‡∏°‡∏∏‡∏ó‡∏£‡∏õ‡∏£‡∏≤‡∏Å‡∏≤‡∏£"
"https://shopee.co.th/%E0%B8%9E%E0%B8%A3%E0%B9%89%E0%B8%AD%E0%B8%A1%E0%B8%AA%E0%B9%88%E0%B8%87%F0%9F%92%99%E0%B8%AA%E0%B8%B5%E0%B8%9F%E0%B9%89%E0%B8%B2-%E0%B8%81%E0%B8%A3%E0%B8%B0%E0%B9%80%E0%B8%9B%E0%B9%8B%E0%B8%B2%E0%B9%80%E0%B8%84%E0%B8%A3%E0%B8%B7%E0%B9%88%E0%B8%AD%E0%B8%87%E0%B8%AA%E0%B9%8D%E0%B8%B2%E0%B8%AD%E0%B8%B2%E0%B8%87-%E0%B8%81%E0%B8%A3%E0%B8%B0%E0%B9%80%E0%B8%9B%E0%B9%8B%E0%B8%B2%E0%B8%81%E0%B8%B1%E0%B8%99%E0%B8%99%E0%B9%89%E0%B8%B3-%E0%B8%81%E0%B8%A3%E0%B8%B0%E0%B9%80%E0%B8%9B%E0%B9%8B%E0%B8%B2%E0%B9%81%E0%B8%95%E0%B9%88%E0%B8%87%E0%B8%AB%E0%B8%99%E0%B9%89%E0%B8%B2%E0%B9%81%E0%B8%9A%E0%B8%9A%E0%B9%83%E0%B8%AA-i.255138429.12858540772?sp_atk=69991280-e941-41c2-87c8-b1a9002b8377&xptdk=69991280-e941-41c2-87c8-b1a9002b8377","https://down-th.img.susercontent.com/file/b72cb5c21e40f498c20e166c0d7c8ec6_tn","‡∏£‡πâ‡∏≤‡∏ô‡πÅ‡∏ô‡∏∞‡∏ô‡∏≥","-68%","https://down-th.img.susercontent.com/file/th-50009109-046794c5ea23d6812a0e40e6e0f9ef76","‡∏û‡∏£‡πâ‡∏≠‡∏°‡∏™‡πà‡∏áüíô‡∏™‡∏µ‡∏ü‡πâ‡∏≤ ‡∏Å‡∏£‡∏∞‡πÄ‡∏õ‡πã‡∏≤‡πÄ‡∏Ñ‡∏£‡∏∑‡πà‡∏≠‡∏á‡∏™‡πç‡∏≤‡∏≠‡∏≤‡∏á  ‡∏Å‡∏£‡∏∞‡πÄ‡∏õ‡πã‡∏≤‡∏Å‡∏±‡∏ô‡∏ô‡πâ‡∏≥ ‡∏Å‡∏£‡∏∞‡πÄ‡∏õ‡πã‡∏≤‡πÅ‡∏ï‡πà‡∏á‡∏´‡∏ô‡πâ‡∏≤‡πÅ‡∏ö‡∏ö‡πÉ‡∏™","","-","32","‡∏ø","89","‡∏Ç‡∏≤‡∏¢‡πÅ‡∏•‡πâ‡∏ß 25.8‡∏û‡∏±‡∏ô ‡∏ä‡∏¥‡πâ‡∏ô","‡∏à‡∏±‡∏á‡∏´‡∏ß‡∏±‡∏î‡∏õ‡∏ó‡∏∏‡∏°‡∏ò‡∏≤‡∏ô‡∏µ"
"https://shopee.co.th/%E0%B8%81%E0%B8%A3%E0%B8%B0%E0%B9%80%E0%B8%9B%E0%B9%8B%E0%B8%B2%E0%B9%80%E0%B8%9B%E0%B9%89%E0%B8%AA%E0%B8%B0%E0%B8%9E%E0%B8%B2%E0%B8%A2%E0%B8%AB%E0%B8%A5%E0%B8%B1%E0%B8%87-%E0%B8%88%E0%B8%B8%E0%B8%82%E0%B8%AD%E0%B8%87%E0%B9%84%E0%B8%94%E0%B9%89%E0%B9%80%E0%B8%A2%E0%B8%AD%E0%B8%B0-%E0%B8%AA%E0%B9%8D%E0%B8%B2%E0%B8%AB%E0%B8%A3%E0%B8%B1%E0%B8%9A%E0%B8%9C%E0%B8%B9%E0%B9%89%E0%B8%AB%E0%B8%8D%E0%B8%B4%E0%B8%87-i.337731422.4162819360?sp_atk=fd507aba-d364-4936-b0c9-4873ab81a200&xptdk=fd507aba-d364-4936-b0c9-4873ab81a200","https://down-th.img.susercontent.com/file/28a6e41ca92190cd1e5d8eb469bcd3e4_tn","","-82%","https://down-th.img.susercontent.com/file/th-50009109-046794c5ea23d6812a0e40e6e0f9ef76","‡∏Å‡∏£‡∏∞‡πÄ‡∏õ‡πã‡∏≤‡πÄ‡∏õ‡πâ‡∏™‡∏∞‡∏û‡∏≤‡∏¢‡∏´‡∏•‡∏±‡∏á ‡∏à‡∏∏‡∏Ç‡∏≠‡∏á‡πÑ‡∏î‡πâ‡πÄ‡∏¢‡∏≠‡∏∞ ‡∏™‡πç‡∏≤‡∏´‡∏£‡∏±‡∏ö‡∏ú‡∏π‡πâ‡∏´‡∏ç‡∏¥‡∏á","","-","35","‡∏ø","158","‡∏Ç‡∏≤‡∏¢‡πÅ‡∏•‡πâ‡∏ß 17.5‡∏û‡∏±‡∏ô ‡∏ä‡∏¥‡πâ‡∏ô","‡∏à‡∏±‡∏á‡∏´‡∏ß‡∏±‡∏î‡∏™‡∏°‡∏∏‡∏ó‡∏£‡∏õ‡∏£‡∏≤‡∏Å‡∏≤‡∏£"
"https://shopee.co.th/%E2%9C%A8%E0%B8%82%E0%B8%A7%E0%B8%94%E0%B9%81%E0%B8%9A%E0%B9%88%E0%B8%87%E0%B8%99%E0%B9%89%E0%B8%B3%E0%B8%AB%E0%B8%AD%E0%B8%A1-%E0%B9%81%E0%B8%9A%E0%B8%9A%E0%B8%9E%E0%B8%81%E0%B8%9E%E0%B8%B2-%E0%B8%AA%E0%B8%B3%E0%B8%AB%E0%B8%A3%E0%B8%B1%E0%B8%9A%E0%B9%80%E0%B8%95%E0%B8%B4%E0%B8%A1%E0%B9%81%E0%B8%9A%E0%B8%9A%E0%B8%9B%E0%B8%B1%E0%B9%89%E0%B8%A1-(%E0%B8%82%E0%B8%99%E0%B8%B2%E0%B8%945-ml)-i.131421013.21042779583?sp_atk=1599a2e2-960e-40c1-b27a-de12f47adc8e&xptdk=1599a2e2-960e-40c1-b27a-de12f47adc8e","https://down-th.img.susercontent.com/file/sg-11134201-22120-gvcwi54jhglva4_tn","‡∏£‡πâ‡∏≤‡∏ô‡πÅ‡∏ô‡∏∞‡∏ô‡∏≥","-50%","https://down-th.img.susercontent.com/file/th-50009109-9c786d792d156d2e2f25280da85238f4","‚ú®‡∏Ç‡∏ß‡∏î‡πÅ‡∏ö‡πà‡∏á‡∏ô‡πâ‡∏≥‡∏´‡∏≠‡∏° ‡πÅ‡∏ö‡∏ö‡∏û‡∏Å‡∏û‡∏≤ ‡∏™‡∏≥‡∏´‡∏£‡∏±‡∏ö‡πÄ‡∏ï‡∏¥‡∏°‡πÅ‡∏ö‡∏ö‡∏õ‡∏±‡πâ‡∏° (‡∏Ç‡∏ô‡∏≤‡∏î5 ml)","","‡∏ø58","29","","","‡∏Ç‡∏≤‡∏¢‡πÅ‡∏•‡πâ‡∏ß 9.8‡∏û‡∏±‡∏ô ‡∏ä‡∏¥‡πâ‡∏ô","‡∏ï‡πà‡∏≤‡∏á‡∏õ‡∏£‡∏∞‡πÄ‡∏ó‡∏®"
"https://shopee.co.th/(B035-)%E0%B8%9E%E0%B8%A3%E0%B9%89%E0%B8%AD%E0%B8%A1%E0%B8%AA%E0%B9%88%E0%B8%87%E0%B8%AA%E0%B8%B5%F0%9F%94%A5%E0%B9%83%E0%B8%AB%E0%B9%89%E0%B9%80%E0%B8%A5%E0%B8%B7%E0%B8%AD%E0%B8%81-%E0%B8%81%E0%B8%A3%E0%B8%B0%E0%B9%80%E0%B8%9B%E0%B9%8B%E0%B8%B2%E0%B8%9C%E0%B9%89%E0%B8%B2%E0%B8%AA%E0%B8%B0%E0%B8%9E%E0%B8%B2%E0%B8%A2%E0%B8%82%E0%B9%89%E0%B8%B2%E0%B8%87-%E0%B8%87%E0%B8%B2%E0%B8%99%E0%B8%94%E0%B8%B5%E0%B8%8A%E0%B8%B4%E0%B8%84%E0%B9%86-%E0%B8%99%E0%B9%88%E0%B8%B2%E0%B8%A3%E0%B8%B1%E0%B8%81%E0%B8%8A%E0%B8%B4%E0%B8%84%E0%B9%86-ZM--i.696506283.20534042004?sp_atk=2f54cf35-c9ff-44b0-a5c8-3b701deacc38&xptdk=2f54cf35-c9ff-44b0-a5c8-3b701deacc38","https://down-th.img.susercontent.com/file/2bcbaf2934210c7aae932c58e78def03_tn","","","","(B035#)‡∏û‡∏£‡πâ‡∏≠‡∏°‡∏™‡πà‡∏á‡∏™‡∏µüî•‡πÉ‡∏´‡πâ‡πÄ‡∏•‡∏∑‡∏≠‡∏Å ‡∏Å‡∏£‡∏∞‡πÄ‡∏õ‡πã‡∏≤‡∏ú‡πâ‡∏≤‡∏™‡∏∞‡∏û‡∏≤‡∏¢‡∏Ç‡πâ‡∏≤‡∏á ‡∏á‡∏≤‡∏ô‡∏î‡∏µ‡∏ä‡∏¥‡∏Ñ‡πÜ ‡∏ô‡πà‡∏≤‡∏£‡∏±‡∏Å‡∏ä‡∏¥‡∏Ñ‡πÜ ZM#","","","28","","","‡∏Ç‡∏≤‡∏¢‡πÅ‡∏•‡πâ‡∏ß 13‡∏û‡∏±‡∏ô ‡∏ä‡∏¥‡πâ‡∏ô","‡∏à‡∏±‡∏á‡∏´‡∏ß‡∏±‡∏î‡∏ô‡∏ô‡∏ó‡∏ö‡∏∏‡∏£‡∏µ"
"https://shopee.co.th/%E0%B8%81%E0%B8%A3%E0%B8%B0%E0%B9%80%E0%B8%9B%E0%B9%8B%E0%B8%B2%E0%B8%84%E0%B8%B2%E0%B8%94%E0%B8%AB%E0%B8%99%E0%B9%89%E0%B8%B2%E0%B8%AD%E0%B8%81-%E0%B8%84%E0%B8%B2%E0%B8%94%E0%B9%80%E0%B8%AD%E0%B8%A7-%E0%B8%AA%E0%B8%B0%E0%B8%9E%E0%B8%B2%E0%B8%A2%E0%B8%82%E0%B9%89%E0%B8%B2%E0%B8%87-%E0%B8%AA%E0%B9%84%E0%B8%95%E0%B8%A5%E0%B9%8C%E0%B8%AA%E0%B8%9B%E0%B8%AD%E0%B8%A3%E0%B9%8C%E0%B8%95-%E0%B8%9C%E0%B9%89%E0%B8%B2%E0%B9%84%E0%B8%99%E0%B8%A5%E0%B9%88%E0%B8%AD%E0%B8%99%E0%B8%81%E0%B8%B1%E0%B8%99%E0%B8%99%E0%B9%89%E0%B8%B3-%E0%B8%81%E0%B8%A3%E0%B8%B0%E0%B9%80%E0%B8%9B%E0%B9%8B%E0%B8%B2%E0%B9%81%E0%B8%9F%E0%B8%8A%E0%B8%B1%E0%B9%88%E0%B8%99-%E0%B8%81%E0%B8%A3%E0%B8%B0%E0%B9%80%E0%B8%9B%E0%B9%8B%E0%B8%B2%E0%B8%AA%E0%B8%B0%E0%B8%9E%E0%B8%B2%E0%B8%A2%E0%B9%84%E0%B8%AB%E0%B8%A5%E0%B9%88%E0%B8%9C%E0%B8%B9%E0%B9%89%E0%B8%8A%E0%B8%B2%E0%B8%A2%E0%B8%97%E0%B8%B5%E0%B9%88%E0%B8%A1%E0%B8%B5%E0%B8%84%E0%B8%B8%E0%B8%93%E0%B8%A0%E0%B8%B2%E0%B8%9E%E0%B8%AA%E0%B8%B9%E0%B8%87-i.857472456.15693969605?sp_atk=dafbddaa-a27f-4bbe-a2de-18822b330a42&xptdk=dafbddaa-a27f-4bbe-a2de-18822b330a42","https://down-th.img.susercontent.com/file/sg-11134201-22100-cy1u1s55roiv6d_tn","","-69%","https://down-th.img.susercontent.com/file/th-50009109-046794c5ea23d6812a0e40e6e0f9ef76","‡∏Å‡∏£‡∏∞‡πÄ‡∏õ‡πã‡∏≤‡∏Ñ‡∏≤‡∏î‡∏´‡∏ô‡πâ‡∏≤‡∏≠‡∏Å ‡∏Ñ‡∏≤‡∏î‡πÄ‡∏≠‡∏ß ‡∏™‡∏∞‡∏û‡∏≤‡∏¢‡∏Ç‡πâ‡∏≤‡∏á ‡∏™‡πÑ‡∏ï‡∏•‡πå‡∏™‡∏õ‡∏≠‡∏£‡πå‡∏ï ‡∏ú‡πâ‡∏≤‡πÑ‡∏ô‡∏•‡πà‡∏≠‡∏ô‡∏Å‡∏±‡∏ô‡∏ô‡πâ‡∏≥ ‡∏Å‡∏£‡∏∞‡πÄ‡∏õ‡πã‡∏≤‡πÅ‡∏ü‡∏ä‡∏±‡πà‡∏ô ‡∏Å‡∏£‡∏∞‡πÄ‡∏õ‡πã‡∏≤‡∏™‡∏∞‡∏û‡∏≤‡∏¢‡πÑ‡∏´‡∏•‡πà‡∏ú‡∏π‡πâ‡∏ä‡∏≤‡∏¢‡∏ó‡∏µ‡πà‡∏°‡∏µ‡∏Ñ‡∏∏‡∏ì‡∏†‡∏≤‡∏û‡∏™‡∏π‡∏á","","-","99","‡∏ø","138","‡∏Ç‡∏≤‡∏¢‡πÅ‡∏•‡πâ‡∏ß 4.6‡∏û‡∏±‡∏ô ‡∏ä‡∏¥‡πâ‡∏ô","‡∏à‡∏±‡∏á‡∏´‡∏ß‡∏±‡∏î‡∏Å‡∏£‡∏∏‡∏á‡πÄ‡∏ó‡∏û‡∏°‡∏´‡∏≤‡∏ô‡∏Ñ‡∏£"
"https://shopee.co.th/%E0%B8%96%E0%B8%B8%E0%B8%87%E0%B8%9C%E0%B9%89%E0%B8%B2%E0%B9%81%E0%B8%81%E0%B9%89%E0%B8%A7-%E0%B8%82%E0%B8%99%E0%B8%B2%E0%B8%94-9x12cm-%E0%B9%83%E0%B8%AA%E0%B9%88%E0%B8%82%E0%B8%AD%E0%B8%87%E0%B8%8A%E0%B8%B3%E0%B8%A3%E0%B9%88%E0%B8%A7%E0%B8%A2-%E0%B9%80%E0%B8%84%E0%B8%A3%E0%B8%B7%E0%B9%88%E0%B8%AD%E0%B8%87%E0%B8%9B%E0%B8%A3%E0%B8%B0%E0%B8%94%E0%B8%B1%E0%B8%9A-%E0%B8%9E%E0%B8%A3%E0%B9%89%E0%B8%AD%E0%B8%A1%E0%B8%AA%E0%B9%88%E0%B8%87-i.203837720.9208209194?sp_atk=63f31282-c292-4771-be99-9ff7bd8e0406&xptdk=63f31282-c292-4771-be99-9ff7bd8e0406","https://down-th.img.susercontent.com/file/6192c636d11093be7738e252d431b9d1_tn","‡∏£‡πâ‡∏≤‡∏ô‡πÅ‡∏ô‡∏∞‡∏ô‡∏≥","","https://down-th.img.susercontent.com/file/th-50009109-046794c5ea23d6812a0e40e6e0f9ef76","‡∏ñ‡∏∏‡∏á‡∏ú‡πâ‡∏≤‡πÅ‡∏Å‡πâ‡∏ß ‡∏Ç‡∏ô‡∏≤‡∏î 9x12cm ‡πÉ‡∏™‡πà‡∏Ç‡∏≠‡∏á‡∏ä‡∏≥‡∏£‡πà‡∏ß‡∏¢ ‡πÄ‡∏Ñ‡∏£‡∏∑‡πà‡∏≠‡∏á‡∏õ‡∏£‡∏∞‡∏î‡∏±‡∏ö ‡∏û‡∏£‡πâ‡∏≠‡∏°‡∏™‡πà‡∏á","","","2","","","‡∏Ç‡∏≤‡∏¢‡πÅ‡∏•‡πâ‡∏ß 232.5‡∏û‡∏±‡∏ô ‡∏ä‡∏¥‡πâ‡∏ô","‡∏à‡∏±‡∏á‡∏´‡∏ß‡∏±‡∏î‡∏ô‡∏Ñ‡∏£‡∏ô‡∏≤‡∏¢‡∏Å"
"https://shopee.co.th/Insomnia%E4%B8%A8-%E0%B9%81%E0%B8%9C%E0%B9%88%E0%B8%99%E0%B8%84%E0%B8%A7%E0%B8%B2%E0%B8%A1%E0%B9%80%E0%B8%A2%E0%B9%87%E0%B8%99-%E0%B8%9C%E0%B9%89%E0%B8%B2%E0%B8%9B%E0%B8%B4%E0%B8%94%E0%B8%95%E0%B8%B2-%E0%B8%AB%E0%B8%99%E0%B9%89%E0%B8%B2%E0%B8%81%E0%B8%B2%E0%B8%81%E0%B8%9B%E0%B8%B4%E0%B8%94%E0%B8%95%E0%B8%B2-%E0%B8%99%E0%B8%AD%E0%B8%99%E0%B8%AB%E0%B8%A5%E0%B8%B1%E0%B8%9A-%E0%B8%A5%E0%B8%B2%E0%B8%A2%E0%B8%81%E0%B8%9A%E0%B9%80%E0%B8%A8%E0%B8%A3%E0%B9%89%E0%B8%B2-%E0%B8%AA%E0%B8%B3%E0%B8%AB%E0%B8%A3%E0%B8%B1%E0%B8%9A%E0%B8%99%E0%B8%AD%E0%B8%99%E0%B8%AB%E0%B8%A5%E0%B8%B1%E0%B8%9A-eye-mask-i.462734732.3991880507?sp_atk=36d28a8b-f31d-4abc-b5f2-8eb5f573d95e&xptdk=36d28a8b-f31d-4abc-b5f2-8eb5f573d95e","https://down-th.img.susercontent.com/file/0f2c91e698f72b569067a820ad1c56d2_tn","","-52%","https://down-th.img.susercontent.com/file/th-50009109-9c786d792d156d2e2f25280da85238f4","Insomnia‰∏® ‡πÅ‡∏ú‡πà‡∏ô‡∏Ñ‡∏ß‡∏≤‡∏°‡πÄ‡∏¢‡πá‡∏ô ‡∏ú‡πâ‡∏≤‡∏õ‡∏¥‡∏î‡∏ï‡∏≤ ‡∏´‡∏ô‡πâ‡∏≤‡∏Å‡∏≤‡∏Å‡∏õ‡∏¥‡∏î‡∏ï‡∏≤ ‡∏ô‡∏≠‡∏ô‡∏´‡∏•‡∏±‡∏ö ‡∏•‡∏≤‡∏¢‡∏Å‡∏ö‡πÄ‡∏®‡∏£‡πâ‡∏≤ ‡∏™‡∏≥‡∏´‡∏£‡∏±‡∏ö‡∏ô‡∏≠‡∏ô‡∏´‡∏•‡∏±‡∏ö eye mask","‡∏ã‡∏∑‡πâ‡∏≠ 3 ‡∏ä‡∏¥‡πâ‡∏ô ‡∏•‡∏î 2%","‡∏ø110","53","","","‡∏Ç‡∏≤‡∏¢‡πÅ‡∏•‡πâ‡∏ß 5.6‡∏û‡∏±‡∏ô ‡∏ä‡∏¥‡πâ‡∏ô","‡∏à‡∏±‡∏á‡∏´‡∏ß‡∏±‡∏î‡∏Å‡∏£‡∏∏‡∏á‡πÄ‡∏ó‡∏û‡∏°‡∏´‡∏≤‡∏ô‡∏Ñ‡∏£"
"https://shopee.co.th/BestoreHome-%E0%B8%A1%E0%B8%B5%E0%B9%83%E0%B8%AB%E0%B9%89%E0%B9%80%E0%B8%A5%E0%B8%B7%E0%B8%AD%E0%B8%81-9-%E0%B8%AA%E0%B8%B5-%E0%B8%81%E0%B8%A3%E0%B8%B0%E0%B9%80%E0%B8%9B%E0%B9%8B%E0%B8%B2%E0%B8%88%E0%B8%B1%E0%B8%94%E0%B9%80%E0%B8%81%E0%B9%87%E0%B8%9A%E0%B8%A3%E0%B8%B0%E0%B9%80%E0%B8%9A%E0%B8%B5%E0%B8%A2%E0%B8%9A%E0%B8%9E%E0%B8%81%E0%B8%9E%E0%B8%B2-%E0%B8%81%E0%B8%B1%E0%B8%99%E0%B8%81%E0%B8%A3%E0%B8%B0%E0%B9%81%E0%B8%97%E0%B8%81%E0%B9%83%E0%B8%99%E0%B8%81%E0%B8%B2%E0%B8%A3%E0%B9%80%E0%B8%94%E0%B8%B4%E0%B8%99%E0%B8%97%E0%B8%B2%E0%B8%87-%E0%B9%83%E0%B8%AA%E0%B9%88%E0%B9%80%E0%B8%84%E0%B8%A3%E0%B8%B7%E0%B9%88%E0%B8%AD%E0%B8%87%E0%B8%AA%E0%B8%B3%E0%B8%AD%E0%B8%B2%E0%B8%87-%E0%B8%82%E0%B8%AD%E0%B8%87%E0%B9%83%E0%B8%8A%E0%B9%89%E0%B8%95%E0%B9%88%E0%B8%B2%E0%B8%87%E0%B9%86-%E0%B8%81%E0%B8%B1%E0%B8%99%E0%B8%99%E0%B9%89%E0%B8%B3%E0%B8%8B%E0%B8%B4%E0%B8%9B%E0%B8%84%E0%B8%B9%E0%B9%88-i.126701767.2387799579?sp_atk=821f5955-79f7-42ec-84f3-ad91b73b4cce&xptdk=821f5955-79f7-42ec-84f3-ad91b73b4cce","https://down-th.img.susercontent.com/file/th-11134207-23030-f88l03nluwovd4_tn","‡∏£‡πâ‡∏≤‡∏ô‡πÅ‡∏ô‡∏∞‡∏ô‡∏≥","-65%","https://down-th.img.susercontent.com/file/th-50009109-300ddf00d967483819649fe53299280c","BestoreHome ‡∏°‡∏µ‡πÉ‡∏´‡πâ‡πÄ‡∏•‡∏∑‡∏≠‡∏Å 9 ‡∏™‡∏µ ‡∏Å‡∏£‡∏∞‡πÄ‡∏õ‡πã‡∏≤‡∏à‡∏±‡∏î‡πÄ‡∏Å‡πá‡∏ö‡∏£‡∏∞‡πÄ‡∏ö‡∏µ‡∏¢‡∏ö‡∏û‡∏Å‡∏û‡∏≤ ‡∏Å‡∏±‡∏ô‡∏Å‡∏£‡∏∞‡πÅ‡∏ó‡∏Å‡πÉ‡∏ô‡∏Å‡∏≤‡∏£‡πÄ‡∏î‡∏¥‡∏ô‡∏ó‡∏≤‡∏á ‡πÉ‡∏™‡πà‡πÄ‡∏Ñ‡∏£‡∏∑‡πà‡∏≠‡∏á‡∏™‡∏≥‡∏≠‡∏≤‡∏á ‡∏Ç‡∏≠‡∏á‡πÉ‡∏ä‡πâ‡∏ï‡πà‡∏≤‡∏á‡πÜ ‡∏Å‡∏±‡∏ô‡∏ô‡πâ‡∏≥‡∏ã‡∏¥‡∏õ‡∏Ñ‡∏π‡πà","","‡∏ø99","35","","","‡∏Ç‡∏≤‡∏¢‡πÅ‡∏•‡πâ‡∏ß 37‡∏û‡∏±‡∏ô ‡∏ä‡∏¥‡πâ‡∏ô","‡∏à‡∏±‡∏á‡∏´‡∏ß‡∏±‡∏î‡∏Å‡∏£‡∏∏‡∏á‡πÄ‡∏ó‡∏û‡∏°‡∏´‡∏≤‡∏ô‡∏Ñ‡∏£"
"https://shopee.co.th/%E0%B8%81%E0%B8%A3%E0%B8%B0%E0%B9%80%E0%B8%9B%E0%B9%8B%E0%B8%B2%E0%B8%AA%E0%B8%B0%E0%B8%9E%E0%B8%B2%E0%B8%A2%E0%B9%84%E0%B8%AB%E0%B8%A5%E0%B9%88-%E0%B8%AA%E0%B8%B5%E0%B8%9E%E0%B8%B7%E0%B9%89%E0%B8%99-%E0%B8%AA%E0%B9%84%E0%B8%95%E0%B8%A5%E0%B9%8C%E0%B9%80%E0%B8%81%E0%B8%B2%E0%B8%AB%E0%B8%A5%E0%B8%B5-%E0%B8%8D%E0%B8%B5%E0%B9%88%E0%B8%9B%E0%B8%B8%E0%B9%88%E0%B8%99-%E0%B8%AA%E0%B9%8D%E0%B8%B2%E0%B8%AB%E0%B8%A3%E0%B8%B1%E0%B8%9A%E0%B8%9C%E0%B8%B9%E0%B9%89%E0%B8%AB%E0%B8%8D%E0%B8%B4%E0%B8%87-i.277435003.8680327846?sp_atk=85c17b70-7dbc-4c9a-a125-79e2b402f6dd&xptdk=85c17b70-7dbc-4c9a-a125-79e2b402f6dd","https://down-th.img.susercontent.com/file/cn-11134207-7qukw-lfnit1lnysoo17_tn","","-68%","https://down-th.img.susercontent.com/file/th-50009109-046794c5ea23d6812a0e40e6e0f9ef76","‡∏Å‡∏£‡∏∞‡πÄ‡∏õ‡πã‡∏≤‡∏™‡∏∞‡∏û‡∏≤‡∏¢‡πÑ‡∏´‡∏•‡πà ‡∏™‡∏µ‡∏û‡∏∑‡πâ‡∏ô ‡∏™‡πÑ‡∏ï‡∏•‡πå‡πÄ‡∏Å‡∏≤‡∏´‡∏•‡∏µ ‡∏ç‡∏µ‡πà‡∏õ‡∏∏‡πà‡∏ô ‡∏™‡πç‡∏≤‡∏´‡∏£‡∏±‡∏ö‡∏ú‡∏π‡πâ‡∏´‡∏ç‡∏¥‡∏á","","-","19","‡∏ø","89","‡∏Ç‡∏≤‡∏¢‡πÅ‡∏•‡πâ‡∏ß 18.5‡∏û‡∏±‡∏ô ‡∏ä‡∏¥‡πâ‡∏ô","‡∏ï‡πà‡∏≤‡∏á‡∏õ‡∏£‡∏∞‡πÄ‡∏ó‡∏®"
"https://shopee.co.th/%E0%B8%81%E0%B8%A3%E0%B8%B0%E0%B9%80%E0%B8%9B%E0%B9%8B%E0%B8%B2%E0%B8%AA%E0%B8%B0%E0%B8%9E%E0%B8%B2%E0%B8%A2%E0%B9%84%E0%B8%AB%E0%B8%A5%E0%B9%88-%E0%B8%97%E0%B8%A3%E0%B8%87%E0%B9%82%E0%B8%97%E0%B9%89%E0%B8%97-%E0%B8%9E%E0%B8%B4%E0%B8%A1%E0%B8%9E%E0%B9%8C%E0%B8%A5%E0%B8%B2%E0%B8%A2%E0%B8%AB%E0%B8%A1%E0%B8%B5%E0%B8%99%E0%B9%88%E0%B8%B2%E0%B8%A3%E0%B8%B1%E0%B8%81-%E0%B8%99%E0%B9%8D%E0%B8%B2%E0%B8%81%E0%B8%A5%E0%B8%B1%E0%B8%9A%E0%B8%A1%E0%B8%B2%E0%B9%83%E0%B8%8A%E0%B9%89%E0%B9%83%E0%B8%AB%E0%B8%A1%E0%B9%88%E0%B9%84%E0%B8%94%E0%B9%89-%E0%B9%80%E0%B8%9B%E0%B9%87%E0%B8%99%E0%B8%A1%E0%B8%B4%E0%B8%95%E0%B8%A3%E0%B8%81%E0%B8%B1%E0%B8%9A%E0%B8%AA%E0%B8%B4%E0%B9%88%E0%B8%87%E0%B9%81%E0%B8%A7%E0%B8%94%E0%B8%A5%E0%B9%89%E0%B8%AD%E0%B8%A1-%E0%B9%81%E0%B8%9F%E0%B8%8A%E0%B8%B1%E0%B9%88%E0%B8%99%E0%B8%AA%E0%B9%8D%E0%B8%B2%E0%B8%AB%E0%B8%A3%E0%B8%B1%E0%B8%9A%E0%B8%AA%E0%B8%95%E0%B8%A3%E0%B8%B5-i.293677042.20067249172?sp_atk=4855d3b7-8035-4aad-96e5-1a5c205d31fe&xptdk=4855d3b7-8035-4aad-96e5-1a5c205d31fe","https://down-th.img.susercontent.com/file/sg-11134201-22120-s96bo712eskvb1_tn","","-70%","https://down-th.img.susercontent.com/file/th-50009109-046794c5ea23d6812a0e40e6e0f9ef76","‡∏Å‡∏£‡∏∞‡πÄ‡∏õ‡πã‡∏≤‡∏™‡∏∞‡∏û‡∏≤‡∏¢‡πÑ‡∏´‡∏•‡πà ‡∏ó‡∏£‡∏á‡πÇ‡∏ó‡πâ‡∏ó ‡∏û‡∏¥‡∏°‡∏û‡πå‡∏•‡∏≤‡∏¢‡∏´‡∏°‡∏µ‡∏ô‡πà‡∏≤‡∏£‡∏±‡∏Å ‡∏ô‡πç‡∏≤‡∏Å‡∏•‡∏±‡∏ö‡∏°‡∏≤‡πÉ‡∏ä‡πâ‡πÉ‡∏´‡∏°‡πà‡πÑ‡∏î‡πâ ‡πÄ‡∏õ‡πá‡∏ô‡∏°‡∏¥‡∏ï‡∏£‡∏Å‡∏±‡∏ö‡∏™‡∏¥‡πà‡∏á‡πÅ‡∏ß‡∏î‡∏•‡πâ‡∏≠‡∏° ‡πÅ‡∏ü‡∏ä‡∏±‡πà‡∏ô‡∏™‡πç‡∏≤‡∏´‡∏£‡∏±‡∏ö‡∏™‡∏ï‡∏£‡∏µ","‡∏ã‡∏∑‡πâ‡∏≠ 2 ‡∏ä‡∏¥‡πâ‡∏ô ‡∏•‡∏î ‡∏ø5","‡∏ø186","56","","","‡∏Ç‡∏≤‡∏¢‡πÅ‡∏•‡πâ‡∏ß 1.5‡∏û‡∏±‡∏ô ‡∏ä‡∏¥‡πâ‡∏ô","‡∏ï‡πà‡∏≤‡∏á‡∏õ‡∏£‡∏∞‡πÄ‡∏ó‡∏®"
"https://shopee.co.th/%E0%B8%82%E0%B8%A7%E0%B8%94%E0%B8%9E%E0%B8%A5%E0%B8%B2%E0%B8%AA%E0%B8%95%E0%B8%B4%E0%B8%81%E0%B9%83%E0%B8%AA-10-30-50-60-100-%E0%B8%A1%E0%B8%A5.%E0%B9%80%E0%B8%AB%E0%B8%A1%E0%B8%B2%E0%B8%B0%E0%B8%AA%E0%B8%B3%E0%B8%AB%E0%B8%A3%E0%B8%B1%E0%B8%9A%E0%B9%83%E0%B8%8A%E0%B9%89%E0%B9%83%E0%B8%99%E0%B8%81%E0%B8%B2%E0%B8%A3%E0%B9%80%E0%B8%94%E0%B8%B4%E0%B8%99%E0%B8%97%E0%B8%B2%E0%B8%87%E0%B8%9C%E0%B8%A5%E0%B8%B4%E0%B8%95%E0%B8%A0%E0%B8%B1%E0%B8%93%E0%B8%91%E0%B9%8C%E0%B8%9A%E0%B8%B3%E0%B8%A3%E0%B8%B8%E0%B8%87%E0%B8%9C%E0%B8%B4%E0%B8%A7-i.663819440.16722902599?sp_atk=e5f77944-b9cf-469b-b96c-64aed189df50&xptdk=e5f77944-b9cf-469b-b96c-64aed189df50","https://down-th.img.susercontent.com/file/06abc41c55ead45218c353c66e0e8774_tn","‡∏£‡πâ‡∏≤‡∏ô‡πÅ‡∏ô‡∏∞‡∏ô‡∏≥","-50%","https://down-th.img.susercontent.com/file/th-50009109-9c786d792d156d2e2f25280da85238f4","‡∏Ç‡∏ß‡∏î‡∏û‡∏•‡∏≤‡∏™‡∏ï‡∏¥‡∏Å‡πÉ‡∏™ 10 / 30 / 50 / 60 / 100 ‡∏°‡∏•.‡πÄ‡∏´‡∏°‡∏≤‡∏∞‡∏™‡∏≥‡∏´‡∏£‡∏±‡∏ö‡πÉ‡∏ä‡πâ‡πÉ‡∏ô‡∏Å‡∏≤‡∏£‡πÄ‡∏î‡∏¥‡∏ô‡∏ó‡∏≤‡∏á‡∏ú‡∏•‡∏¥‡∏ï‡∏†‡∏±‡∏ì‡∏ë‡πå‡∏ö‡∏≥‡∏£‡∏∏‡∏á‡∏ú‡∏¥‡∏ß","","-","2","‡∏ø","8","‡∏Ç‡∏≤‡∏¢‡πÅ‡∏•‡πâ‡∏ß 53.6‡∏û‡∏±‡∏ô ‡∏ä‡∏¥‡πâ‡∏ô","‡∏ï‡πà‡∏≤‡∏á‡∏õ‡∏£‡∏∞‡πÄ‡∏ó‡∏®"
"https://shopee.co.th/%E0%B8%81%E0%B8%A3%E0%B8%B0%E0%B9%80%E0%B8%9B%E0%B9%8B%E0%B8%B2%E0%B8%88%E0%B8%B1%E0%B8%94%E0%B8%A3%E0%B8%B0%E0%B9%80%E0%B8%9A%E0%B8%B5%E0%B8%A2%E0%B8%9A-%E0%B8%81%E0%B8%A3%E0%B8%B0%E0%B9%80%E0%B8%9B%E0%B9%8B%E0%B8%B2%E0%B9%80%E0%B8%84%E0%B8%A3%E0%B8%B7%E0%B9%88%E0%B8%AD%E0%B8%87%E0%B8%AA%E0%B8%B3%E0%B8%AD%E0%B8%B2%E0%B8%87-%E0%B8%9C%E0%B9%89%E0%B8%B2%E0%B8%A5%E0%B8%B9%E0%B8%81%E0%B8%9F%E0%B8%B9%E0%B8%81-%E0%B8%A3%E0%B8%B8%E0%B9%88%E0%B8%99%E0%B9%83%E0%B8%AB%E0%B8%A1%E0%B9%88(GC-165)(GC-164)-i.783038845.19056090840?sp_atk=2575a7f6-d02e-4b96-9bb3-c3881992022a&xptdk=2575a7f6-d02e-4b96-9bb3-c3881992022a","https://down-th.img.susercontent.com/file/sg-11134201-22100-7riu1bwjpviva4_tn","","-63%","","‡∏Å‡∏£‡∏∞‡πÄ‡∏õ‡πã‡∏≤‡∏à‡∏±‡∏î‡∏£‡∏∞‡πÄ‡∏ö‡∏µ‡∏¢‡∏ö ‡∏Å‡∏£‡∏∞‡πÄ‡∏õ‡πã‡∏≤‡πÄ‡∏Ñ‡∏£‡∏∑‡πà‡∏≠‡∏á‡∏™‡∏≥‡∏≠‡∏≤‡∏á ‡∏ú‡πâ‡∏≤‡∏•‡∏π‡∏Å‡∏ü‡∏π‡∏Å ‡∏£‡∏∏‡πà‡∏ô‡πÉ‡∏´‡∏°‡πà(GC-165)(GC-164)","","-","55","‡∏ø","64","‡∏Ç‡∏≤‡∏¢‡πÅ‡∏•‡πâ‡∏ß 9‡∏û‡∏±‡∏ô ‡∏ä‡∏¥‡πâ‡∏ô","‡∏à‡∏±‡∏á‡∏´‡∏ß‡∏±‡∏î‡∏õ‡∏ó‡∏∏‡∏°‡∏ò‡∏≤‡∏ô‡∏µ"
"https://shopee.co.th/AMILA-%E0%B8%81%E0%B8%A3%E0%B8%B0%E0%B9%80%E0%B8%9B%E0%B9%8B%E0%B8%B2%E0%B9%81%E0%B8%A1%E0%B8%AA%E0%B9%80%E0%B8%8B%E0%B8%99%E0%B9%80%E0%B8%88%E0%B8%AD%E0%B8%A3%E0%B9%8C%E0%B8%81%E0%B8%A3%E0%B8%B0%E0%B8%94%E0%B8%B2%E0%B8%A9%E0%B8%82%E0%B8%AD%E0%B8%87%E0%B9%81%E0%B8%A1%E0%B8%84%E0%B9%82%E0%B8%94%E0%B8%99%E0%B8%B1%E0%B8%A5%E0%B8%94%E0%B9%8C-%E0%B8%81%E0%B8%A3%E0%B8%B0%E0%B9%80%E0%B8%9B%E0%B9%8B%E0%B8%B2%E0%B9%80%E0%B8%9B%E0%B9%89%E0%B9%80%E0%B8%94%E0%B9%87%E0%B8%81%E0%B8%9C%E0%B8%B9%E0%B9%89%E0%B8%AB%E0%B8%8D%E0%B8%B4%E0%B8%87%E0%B8%84%E0%B8%A7%E0%B8%B2%E0%B8%A1%E0%B8%88%E0%B8%B8%E0%B8%AA%E0%B8%B9%E0%B8%87%E0%B8%AA%E0%B9%84%E0%B8%95%E0%B8%A5%E0%B9%8C%E0%B8%99%E0%B9%88%E0%B8%B2%E0%B8%A3%E0%B8%B1%E0%B8%81%E0%B9%81%E0%B8%A5%E0%B8%B0%E0%B8%95%E0%B8%A5%E0%B8%81-i.593877548.19763510179?sp_atk=9580fbc1-4053-4ef6-87c9-a8723aa2d926&xptdk=9580fbc1-4053-4ef6-87c9-a8723aa2d926","https://down-th.img.susercontent.com/file/cn-11134207-7r98o-llbz70nuaqs4d0_tn","","-46%","https://down-th.img.susercontent.com/file/th-50009109-9c786d792d156d2e2f25280da85238f4","AMILA ‡∏Å‡∏£‡∏∞‡πÄ‡∏õ‡πã‡∏≤‡πÅ‡∏°‡∏™‡πÄ‡∏ã‡∏ô‡πÄ‡∏à‡∏≠‡∏£‡πå‡∏Å‡∏£‡∏∞‡∏î‡∏≤‡∏©‡∏Ç‡∏≠‡∏á‡πÅ‡∏°‡∏Ñ‡πÇ‡∏î‡∏ô‡∏±‡∏•‡∏î‡πå   ‡∏Å‡∏£‡∏∞‡πÄ‡∏õ‡πã‡∏≤‡πÄ‡∏õ‡πâ‡πÄ‡∏î‡πá‡∏Å‡∏ú‡∏π‡πâ‡∏´‡∏ç‡∏¥‡∏á‡∏Ñ‡∏ß‡∏≤‡∏°‡∏à‡∏∏‡∏™‡∏π‡∏á‡∏™‡πÑ‡∏ï‡∏•‡πå‡∏ô‡πà‡∏≤‡∏£‡∏±‡∏Å‡πÅ‡∏•‡∏∞‡∏ï‡∏•‡∏Å","‡∏ã‡∏∑‡πâ‡∏≠ 3 ‡∏ä‡∏¥‡πâ‡∏ô ‡∏•‡∏î 2%","-","89","‡∏ø","145","‡∏Ç‡∏≤‡∏¢‡πÅ‡∏•‡πâ‡∏ß 4.8‡∏û‡∏±‡∏ô ‡∏ä‡∏¥‡πâ‡∏ô","‡∏ï‡πà‡∏≤‡∏á‡∏õ‡∏£‡∏∞‡πÄ‡∏ó‡∏®"
"https://shopee.co.th/%F0%9F%8C%9FCOM-1554-%E0%B8%9E%E0%B8%A3%E0%B9%89%E0%B8%AD%E0%B8%A1%E0%B8%AA%E0%B9%88%E0%B8%871-2%E0%B8%A7%E0%B8%B1%E0%B8%99%F0%9F%9A%9A-%E0%B8%81%E0%B8%A3%E0%B8%B0%E0%B9%80%E0%B8%9B%E0%B9%8B%E0%B8%B2%E0%B8%AD%E0%B9%80%E0%B8%99%E0%B8%81%E0%B8%9B%E0%B8%A3%E0%B8%B0%E0%B8%AA%E0%B8%87%E0%B8%84%E0%B9%8C-%E0%B8%9C%E0%B9%89%E0%B8%B2%E0%B8%95%E0%B8%B2%E0%B8%82%E0%B9%88%E0%B8%B2%E0%B8%A2-%E0%B8%AA%E0%B8%B3%E0%B8%AB%E0%B8%A3%E0%B8%B1%E0%B8%9A%E0%B8%9E%E0%B8%81%E0%B8%9E%E0%B8%B2-i.26237854.6295683458?sp_atk=1dbfb609-f664-4ff8-ac14-f0654b2d2c95&xptdk=1dbfb609-f664-4ff8-ac14-f0654b2d2c95","https://down-th.img.susercontent.com/file/baed8e738dbaa02830385d8737475631_tn","‡∏£‡πâ‡∏≤‡∏ô‡πÅ‡∏ô‡∏∞‡∏ô‡∏≥","-91%","https://down-th.img.susercontent.com/file/th-50009109-7e2d94cea1f22ac04e85327f430d5557","üåüCOM-1554 ‡∏û‡∏£‡πâ‡∏≠‡∏°‡∏™‡πà‡∏á1-2‡∏ß‡∏±‡∏ôüöö ‡∏Å‡∏£‡∏∞‡πÄ‡∏õ‡πã‡∏≤‡∏≠‡πÄ‡∏ô‡∏Å‡∏õ‡∏£‡∏∞‡∏™‡∏á‡∏Ñ‡πå ‡∏ú‡πâ‡∏≤‡∏ï‡∏≤‡∏Ç‡πà‡∏≤‡∏¢ ‡∏™‡∏≥‡∏´‡∏£‡∏±‡∏ö‡∏û‡∏Å‡∏û‡∏≤","","-","9","‡∏ø","18","‡∏Ç‡∏≤‡∏¢‡πÅ‡∏•‡πâ‡∏ß 101.8‡∏û‡∏±‡∏ô ‡∏ä‡∏¥‡πâ‡∏ô","‡∏à‡∏±‡∏á‡∏´‡∏ß‡∏±‡∏î‡∏™‡∏°‡∏∏‡∏ó‡∏£‡∏õ‡∏£‡∏≤‡∏Å‡∏≤‡∏£"
"https://shopee.co.th/7-%E0%B8%8A%E0%B8%B4%E0%B9%89%E0%B8%99-%E0%B8%AD%E0%B8%AD%E0%B9%81%E0%B8%81%E0%B9%84%E0%B8%99%E0%B9%80%E0%B8%8B%E0%B8%AD%E0%B8%A3%E0%B9%8C-%E0%B8%81%E0%B8%A3%E0%B8%B0%E0%B9%80%E0%B8%9B%E0%B9%8B%E0%B8%B2%E0%B9%80%E0%B8%81%E0%B9%87%E0%B8%9A%E0%B8%82%E0%B8%AD%E0%B8%87-%E0%B8%96%E0%B8%B8%E0%B8%87%E0%B9%80%E0%B8%81%E0%B9%87%E0%B8%9A%E0%B8%8B%E0%B8%B4%E0%B8%9B%E0%B8%AB%E0%B8%99%E0%B8%B2-%E0%B8%81%E0%B8%A3%E0%B8%B0%E0%B9%80%E0%B8%9B%E0%B9%8B%E0%B8%B2%E0%B9%80%E0%B8%94%E0%B8%B4%E0%B8%99%E0%B8%97%E0%B8%B2%E0%B8%87%E0%B8%8A%E0%B8%B8%E0%B8%94%E0%B8%9A%E0%B8%A3%E0%B8%A3%E0%B8%88%E0%B8%B8%E0%B8%81%E0%B8%A3%E0%B8%93%E0%B8%B5%E0%B8%81%E0%B8%B2%E0%B8%A3%E0%B8%88%E0%B8%B1%E0%B8%94%E0%B9%80%E0%B8%81%E0%B9%87%E0%B8%9A-%E0%B8%8A%E0%B8%B4%E0%B9%89%E0%B8%99%E0%B8%81%E0%B8%A3%E0%B8%B0%E0%B9%80%E0%B8%9B%E0%B9%8B%E0%B8%B2%E0%B8%88%E0%B8%B1%E0%B8%94%E0%B8%A3%E0%B8%B0%E0%B9%80%E0%B8%9A%E0%B8%B5%E0%B8%A2%E0%B8%9A%E0%B9%83%E0%B8%AA%E0%B9%88%E0%B9%80%E0%B8%AA%E0%B8%B7%E0%B9%89%E0%B8%AD%E0%B8%9C%E0%B9%89%E0%B8%B2-i.818710298.19637578145?sp_atk=f4084c05-5fa3-47d2-80af-97cb410fa793&xptdk=f4084c05-5fa3-47d2-80af-97cb410fa793","https://down-th.img.susercontent.com/file/78059f39c5098e3a62d6105fdf0cf1d2_tn","","-81%","","7 ‡∏ä‡∏¥‡πâ‡∏ô ‡∏≠‡∏≠‡πÅ‡∏Å‡πÑ‡∏ô‡πÄ‡∏ã‡∏≠‡∏£‡πå ‡∏Å‡∏£‡∏∞‡πÄ‡∏õ‡πã‡∏≤‡πÄ‡∏Å‡πá‡∏ö‡∏Ç‡∏≠‡∏á  ‡∏ñ‡∏∏‡∏á‡πÄ‡∏Å‡πá‡∏ö‡∏ã‡∏¥‡∏õ‡∏´‡∏ô‡∏≤  ‡∏Å‡∏£‡∏∞‡πÄ‡∏õ‡πã‡∏≤‡πÄ‡∏î‡∏¥‡∏ô‡∏ó‡∏≤‡∏á‡∏ä‡∏∏‡∏î‡∏ö‡∏£‡∏£‡∏à‡∏∏‡∏Å‡∏£‡∏ì‡∏µ‡∏Å‡∏≤‡∏£‡∏à‡∏±‡∏î‡πÄ‡∏Å‡πá‡∏ö ‡∏ä‡∏¥‡πâ‡∏ô‡∏Å‡∏£‡∏∞‡πÄ‡∏õ‡πã‡∏≤‡∏à‡∏±‡∏î‡∏£‡∏∞‡πÄ‡∏ö‡∏µ‡∏¢‡∏ö‡πÉ‡∏™‡πà‡πÄ‡∏™‡∏∑‡πâ‡∏≠‡∏ú‡πâ‡∏≤","‡∏ã‡∏∑‡πâ‡∏≠ 2 ‡∏ä‡∏¥‡πâ‡∏ô ‡∏•‡∏î ‡∏ø6","-","69","‡∏ø","169","‡∏Ç‡∏≤‡∏¢‡πÅ‡∏•‡πâ‡∏ß 16‡∏û‡∏±‡∏ô ‡∏ä‡∏¥‡πâ‡∏ô","‡∏à‡∏±‡∏á‡∏´‡∏ß‡∏±‡∏î‡∏Å‡∏£‡∏∏‡∏á‡πÄ‡∏ó‡∏û‡∏°‡∏´‡∏≤‡∏ô‡∏Ñ‡∏£"
"https://shopee.co.th/%E3%80%901%E0%B8%9A%E0%B8%B2%E0%B8%97%E0%B8%97%E0%B8%B8%E0%B8%81%E0%B8%AD%E0%B8%A2%E0%B9%88%E0%B8%B2%E0%B8%87%E3%80%91%E0%B8%88%E0%B8%B5%E0%B9%89%E0%B8%81%E0%B8%B2%E0%B8%A3%E0%B9%8C%E0%B8%95%E0%B8%B9%E0%B8%99-%E0%B8%9E%E0%B8%A7%E0%B8%87%E0%B8%81%E0%B8%B8%E0%B8%8D%E0%B9%81%E0%B8%88-%E0%B8%95%E0%B8%B8%E0%B9%8A%E0%B8%81%E0%B8%95%E0%B8%B2%E0%B8%AB%E0%B8%A1%E0%B8%B5-%E0%B8%AB%E0%B9%89%E0%B8%B2%E0%B8%AA%E0%B8%B5-%E0%B8%99%E0%B9%88%E0%B8%B2%E0%B8%A3%E0%B8%B1%E0%B8%81%E0%B8%A1%E0%B8%B2%E0%B8%81-%E0%B8%82%E0%B8%AD%E0%B8%87%E0%B9%80%E0%B8%A5%E0%B9%88%E0%B8%99-%E0%B8%82%E0%B8%AD%E0%B8%87%E0%B8%82%E0%B8%A7%E0%B8%B1%E0%B8%8D-i.445514906.21668886056?sp_atk=50b03f15-dfb6-4b75-bc24-8843386ba77d&xptdk=50b03f15-dfb6-4b75-bc24-8843386ba77d","https://down-th.img.susercontent.com/file/sg-11134201-22120-am8jrr1dd6kv49_tn","‡∏£‡πâ‡∏≤‡∏ô‡πÅ‡∏ô‡∏∞‡∏ô‡∏≥","-93%","https://down-th.img.susercontent.com/file/th-50009109-9c786d792d156d2e2f25280da85238f4","„Äê1‡∏ö‡∏≤‡∏ó‡∏ó‡∏∏‡∏Å‡∏≠‡∏¢‡πà‡∏≤‡∏á„Äë‡∏à‡∏µ‡πâ‡∏Å‡∏≤‡∏£‡πå‡∏ï‡∏π‡∏ô ‡∏û‡∏ß‡∏á‡∏Å‡∏∏‡∏ç‡πÅ‡∏à ‡∏ï‡∏∏‡πä‡∏Å‡∏ï‡∏≤‡∏´‡∏°‡∏µ ‡∏´‡πâ‡∏≤‡∏™‡∏µ ‡∏ô‡πà‡∏≤‡∏£‡∏±‡∏Å‡∏°‡∏≤‡∏Å ‡∏Ç‡∏≠‡∏á‡πÄ‡∏•‡πà‡∏ô ‡∏Ç‡∏≠‡∏á‡∏Ç‡∏ß‡∏±‡∏ç","","‡∏ø15","1","","","‡∏Ç‡∏≤‡∏¢‡πÅ‡∏•‡πâ‡∏ß 18.5‡∏û‡∏±‡∏ô ‡∏ä‡∏¥‡πâ‡∏ô","‡∏ï‡πà‡∏≤‡∏á‡∏õ‡∏£‡∏∞‡πÄ‡∏ó‡∏®"
"https://shopee.co.th/GUCSELECTED(B1438)-E3%E0%B8%81%E0%B8%A3%E0%B8%B0%E0%B9%80%E0%B8%9B%E0%B9%8B%E0%B8%B2%E0%B8%9C%E0%B9%89%E0%B8%B2%E0%B8%AA%E0%B8%B0%E0%B8%9E%E0%B8%B2%E0%B8%A2%E0%B8%82%E0%B9%89%E0%B8%B2%E0%B8%87-%E0%B8%9C%E0%B9%89%E0%B8%B2%E0%B9%81%E0%B8%84%E0%B8%99%E0%B8%A7%E0%B8%B2%E0%B8%AA-%E0%B8%AA%E0%B8%B8%E0%B8%94%E0%B9%80%E0%B8%97%E0%B9%88-i.13835021.6471794367?sp_atk=4c1d69cb-3dfe-4cfc-9c95-220dbfe82c4d&xptdk=4c1d69cb-3dfe-4cfc-9c95-220dbfe82c4d","https://down-th.img.susercontent.com/file/th-11134207-23010-6zedzeqk68lv05_tn","‡∏£‡πâ‡∏≤‡∏ô‡πÅ‡∏ô‡∏∞‡∏ô‡∏≥","-35%","","GUCSELECTED(B1438) -E3‡∏Å‡∏£‡∏∞‡πÄ‡∏õ‡πã‡∏≤‡∏ú‡πâ‡∏≤‡∏™‡∏∞‡∏û‡∏≤‡∏¢‡∏Ç‡πâ‡∏≤‡∏á ‡∏ú‡πâ‡∏≤‡πÅ‡∏Ñ‡∏ô‡∏ß‡∏≤‡∏™ ‡∏™‡∏∏‡∏î‡πÄ‡∏ó‡πà","‡∏ã‡∏∑‡πâ‡∏≠ 2 ‡∏ä‡∏¥‡πâ‡∏ô ‡∏•‡∏î 1%","-","84","‡∏ø","85","‡∏Ç‡∏≤‡∏¢‡πÅ‡∏•‡πâ‡∏ß 14.5‡∏û‡∏±‡∏ô ‡∏ä‡∏¥‡πâ‡∏ô","‡∏à‡∏±‡∏á‡∏´‡∏ß‡∏±‡∏î‡∏Å‡∏£‡∏∏‡∏á‡πÄ‡∏ó‡∏û‡∏°‡∏´‡∏≤‡∏ô‡∏Ñ‡∏£"
"https://shopee.co.th/%E0%B8%9E%E0%B8%A3%E0%B9%89%E0%B8%AD%E0%B8%A1%E0%B8%AA%E0%B9%88%E0%B8%87-%E0%B8%81%E0%B8%A3%E0%B8%B0%E0%B9%80%E0%B8%9B%E0%B9%8B%E0%B8%B2%E0%B8%96%E0%B8%B7%E0%B8%AD%E0%B8%9C%E0%B9%89%E0%B8%B2%E0%B8%AA%E0%B8%B1%E0%B8%81%E0%B8%AB%E0%B8%A5%E0%B8%B2%E0%B8%94-%E0%B8%81%E0%B8%A3%E0%B8%B0%E0%B9%80%E0%B8%9B%E0%B9%8B%E0%B8%B2%E0%B8%81%E0%B8%B2%E0%B8%A3%E0%B9%8C%E0%B8%95%E0%B8%B9%E0%B8%99-%E0%B8%81%E0%B8%A3%E0%B8%B0%E0%B9%80%E0%B8%9B%E0%B9%8B%E0%B8%B2%E0%B8%8A%E0%B9%89%E0%B8%AD%E0%B8%9B%E0%B8%9B%E0%B8%B4%E0%B9%89%E0%B8%87-i.237191559.19626404398?sp_atk=47954c5d-de4b-42e8-accf-ce34f741f420&xptdk=47954c5d-de4b-42e8-accf-ce34f741f420","https://down-th.img.susercontent.com/file/d568ea8a39c2d26731150ff9e7b84916_tn","‡∏£‡πâ‡∏≤‡∏ô‡πÅ‡∏ô‡∏∞‡∏ô‡∏≥","-59%","https://down-th.img.susercontent.com/file/th-50009109-9c786d792d156d2e2f25280da85238f4","‡∏û‡∏£‡πâ‡∏≠‡∏°‡∏™‡πà‡∏á ‡∏Å‡∏£‡∏∞‡πÄ‡∏õ‡πã‡∏≤‡∏ñ‡∏∑‡∏≠‡∏ú‡πâ‡∏≤‡∏™‡∏±‡∏Å‡∏´‡∏•‡∏≤‡∏î ‡∏Å‡∏£‡∏∞‡πÄ‡∏õ‡πã‡∏≤‡∏Å‡∏≤‡∏£‡πå‡∏ï‡∏π‡∏ô ‡∏Å‡∏£‡∏∞‡πÄ‡∏õ‡πã‡∏≤‡∏ä‡πâ‡∏≠‡∏õ‡∏õ‡∏¥‡πâ‡∏á","","‡∏ø119","49","","","‡∏Ç‡∏≤‡∏¢‡πÅ‡∏•‡πâ‡∏ß 8.6‡∏û‡∏±‡∏ô ‡∏ä‡∏¥‡πâ‡∏ô","‡∏à‡∏±‡∏á‡∏´‡∏ß‡∏±‡∏î‡∏ô‡∏ô‡∏ó‡∏ö‡∏∏‡∏£‡∏µ"
"https://shopee.co.th/%E0%B8%82%E0%B8%A7%E0%B8%94%E0%B9%83%E0%B8%AA%E0%B9%88%E0%B8%84%E0%B8%A3%E0%B8%B5%E0%B8%A1-%E0%B8%82%E0%B8%A7%E0%B8%94%E0%B8%9B%E0%B8%B1%E0%B9%89%E0%B8%A1-%E0%B8%AA%E0%B8%B8%E0%B8%8D%E0%B8%8D%E0%B8%B2%E0%B8%81%E0%B8%B2%E0%B8%A8-%E0%B8%82%E0%B8%A7%E0%B8%94%E0%B9%83%E0%B8%AA%E0%B9%88%E0%B9%82%E0%B8%A5%E0%B8%8A%E0%B8%B1%E0%B9%88%E0%B8%99%E0%B8%81%E0%B8%B2%E0%B8%A8-30-50-100ml-i.255138429.3889390042?sp_atk=8a1be845-3676-448e-9c0e-c926d0e67abb&xptdk=8a1be845-3676-448e-9c0e-c926d0e67abb","https://down-th.img.susercontent.com/file/2c191c4c5ce81033730c77efcc6cde52_tn","‡∏£‡πâ‡∏≤‡∏ô‡πÅ‡∏ô‡∏∞‡∏ô‡∏≥","-55%","https://down-th.img.susercontent.com/file/th-50009109-046794c5ea23d6812a0e40e6e0f9ef76","‡∏Ç‡∏ß‡∏î‡πÉ‡∏™‡πà‡∏Ñ‡∏£‡∏µ‡∏° ‡∏Ç‡∏ß‡∏î‡∏õ‡∏±‡πâ‡∏° ‡∏™‡∏∏‡∏ç‡∏ç‡∏≤‡∏Å‡∏≤‡∏® ‡∏Ç‡∏ß‡∏î‡πÉ‡∏™‡πà‡πÇ‡∏•‡∏ä‡∏±‡πà‡∏ô‡∏Å‡∏≤‡∏® 30,50,100ml","","-","8","‡∏ø","34","‡∏Ç‡∏≤‡∏¢‡πÅ‡∏•‡πâ‡∏ß 35.7‡∏û‡∏±‡∏ô ‡∏ä‡∏¥‡πâ‡∏ô","‡∏à‡∏±‡∏á‡∏´‡∏ß‡∏±‡∏î‡∏õ‡∏ó‡∏∏‡∏°‡∏ò‡∏≤‡∏ô‡∏µ"
"https://shopee.co.th/%E0%B8%81%E0%B8%A3%E0%B8%B0%E0%B9%80%E0%B8%9B%E0%B9%8B%E0%B8%B2%E0%B8%84%E0%B8%B2%E0%B8%94%E0%B8%AD%E0%B8%81%E0%B8%A5%E0%B8%B2%E0%B8%A2%E0%B8%9E%E0%B8%A3%E0%B8%B2%E0%B8%87%E0%B8%97%E0%B8%AB%E0%B8%B2%E0%B8%A3%E0%B9%84%E0%B8%97%E0%B8%A2%E0%B8%81%E0%B8%A5%E0%B8%B2%E0%B8%87%E0%B9%81%E0%B8%88%E0%B9%89%E0%B8%87%E0%B8%AA%E0%B8%B3%E0%B8%AB%E0%B8%A3%E0%B8%B1%E0%B8%9A%E0%B8%9C%E0%B8%B9%E0%B9%89%E0%B8%8A%E0%B8%B2%E0%B8%A2-i.58416476.7705847174?sp_atk=b4db37fa-061d-496d-bf82-4884eb3b1ee0&xptdk=b4db37fa-061d-496d-bf82-4884eb3b1ee0","https://down-th.img.susercontent.com/file/591e8110bb16286ec07dc49bdd059f6b_tn","","-10%","https://down-th.img.susercontent.com/file/th-50009109-300ddf00d967483819649fe53299280c","‡∏Å‡∏£‡∏∞‡πÄ‡∏õ‡πã‡∏≤‡∏Ñ‡∏≤‡∏î‡∏≠‡∏Å‡∏•‡∏≤‡∏¢‡∏û‡∏£‡∏≤‡∏á‡∏ó‡∏´‡∏≤‡∏£‡πÑ‡∏ó‡∏¢‡∏Å‡∏•‡∏≤‡∏á‡πÅ‡∏à‡πâ‡∏á‡∏™‡∏≥‡∏´‡∏£‡∏±‡∏ö‡∏ú‡∏π‡πâ‡∏ä‡∏≤‡∏¢","‡∏ã‡∏∑‡πâ‡∏≠ 2 ‡∏ä‡∏¥‡πâ‡∏ô ‡∏•‡∏î 5%","-","53","‡∏ø","59","‡∏Ç‡∏≤‡∏¢‡πÅ‡∏•‡πâ‡∏ß 32.5‡∏û‡∏±‡∏ô ‡∏ä‡∏¥‡πâ‡∏ô","‡∏à‡∏±‡∏á‡∏´‡∏ß‡∏±‡∏î‡∏Å‡∏£‡∏∏‡∏á‡πÄ‡∏ó‡∏û‡∏°‡∏´‡∏≤‡∏ô‡∏Ñ‡∏£"
"https://shopee.co.th/B-931-%E0%B8%81%E0%B8%A3%E0%B8%B0%E0%B9%80%E0%B8%9B%E0%B9%8B%E0%B8%B2%E0%B8%AA%E0%B8%95%E0%B8%B2%E0%B8%87%E0%B8%84%E0%B9%8C%E0%B9%83%E0%B8%9A%E0%B8%AA%E0%B8%B1%E0%B9%89%E0%B8%99-%E0%B9%81%E0%B8%9F%E0%B8%8A%E0%B8%B1%E0%B9%88%E0%B8%99%E0%B9%81%E0%B8%9A%E0%B8%9A%E0%B8%9A%E0%B8%B2%E0%B8%87%E0%B8%9E%E0%B8%81%E0%B8%9E%E0%B8%B2%E0%B8%AA%E0%B8%B0%E0%B8%94%E0%B8%A7%E0%B8%81%E0%B8%B0%E0%B8%94%E0%B8%A7%E0%B8%81-i.26237854.23111497571?sp_atk=9a15154a-29fe-4f83-a9d9-010d69b6212b&xptdk=9a15154a-29fe-4f83-a9d9-010d69b6212b","https://down-th.img.susercontent.com/file/sg-11134201-22120-sbjr5mtqk5kvbc_tn","‡∏£‡πâ‡∏≤‡∏ô‡πÅ‡∏ô‡∏∞‡∏ô‡∏≥","-44%","https://down-th.img.susercontent.com/file/th-50009109-9c786d792d156d2e2f25280da85238f4","B-931 ‡∏Å‡∏£‡∏∞‡πÄ‡∏õ‡πã‡∏≤‡∏™‡∏ï‡∏≤‡∏á‡∏Ñ‡πå‡πÉ‡∏ö‡∏™‡∏±‡πâ‡∏ô ‡πÅ‡∏ü‡∏ä‡∏±‡πà‡∏ô‡πÅ‡∏ö‡∏ö‡∏ö‡∏≤‡∏á‡∏û‡∏Å‡∏û‡∏≤‡∏™‡∏∞‡∏î‡∏ß‡∏Å‡∏∞‡∏î‡∏ß‡∏Å","","‡∏ø50","28","","","‡∏Ç‡∏≤‡∏¢‡πÅ‡∏•‡πâ‡∏ß 57.7‡∏û‡∏±‡∏ô ‡∏ä‡∏¥‡πâ‡∏ô","‡∏à‡∏±‡∏á‡∏´‡∏ß‡∏±‡∏î‡∏™‡∏°‡∏∏‡∏ó‡∏£‡∏õ‡∏£‡∏≤‡∏Å‡∏≤‡∏£"
"https://shopee.co.th/FEIYANA-%E0%B8%81%E0%B8%A3%E0%B8%B0%E0%B9%80%E0%B8%9B%E0%B9%8B%E0%B8%B2%E0%B9%83%E0%B8%AA%E0%B9%88%E0%B8%A1%E0%B8%B7%E0%B8%AD%E0%B8%96%E0%B8%B7%E0%B8%AD%E0%B8%97%E0%B8%B1%E0%B8%8A%E0%B8%AA%E0%B8%81%E0%B8%A3%E0%B8%B5%E0%B8%99-%E0%B8%81%E0%B8%A3%E0%B8%B0%E0%B9%80%E0%B8%9B%E0%B9%8B%E0%B8%B2%E0%B8%A1%E0%B8%B7%E0%B8%AD%E0%B8%96%E0%B8%B7%E0%B8%AD%E0%B8%99%E0%B9%88%E0%B8%B2%E0%B8%A3%E0%B8%B1%E0%B8%81%E0%B9%86%E0%B8%97%E0%B8%A3%E0%B8%87%E0%B9%81%E0%B8%99%E0%B8%A7%E0%B8%95%E0%B8%B1%E0%B9%89%E0%B8%87%E0%B8%AA%E0%B9%84%E0%B8%95%E0%B8%A5%E0%B9%8C%E0%B9%80%E0%B8%81%E0%B8%B2%E0%B8%AB%E0%B8%A5%E0%B8%B5-JJ-H017-i.45401189.21214217873?sp_atk=e6a612fb-f4d4-4396-91d1-3b1b0e723a61&xptdk=e6a612fb-f4d4-4396-91d1-3b1b0e723a61","https://down-th.img.susercontent.com/file/a1fa3c667f8a1109153c7c62b1727bb3_tn","","-48%","","FEIYANA-‡∏Å‡∏£‡∏∞‡πÄ‡∏õ‡πã‡∏≤‡πÉ‡∏™‡πà‡∏°‡∏∑‡∏≠‡∏ñ‡∏∑‡∏≠‡∏ó‡∏±‡∏ä‡∏™‡∏Å‡∏£‡∏µ‡∏ô ‡∏Å‡∏£‡∏∞‡πÄ‡∏õ‡πã‡∏≤‡∏°‡∏∑‡∏≠‡∏ñ‡∏∑‡∏≠‡∏ô‡πà‡∏≤‡∏£‡∏±‡∏Å‡πÜ‡∏ó‡∏£‡∏á‡πÅ‡∏ô‡∏ß‡∏ï‡∏±‡πâ‡∏á‡∏™‡πÑ‡∏ï‡∏•‡πå‡πÄ‡∏Å‡∏≤‡∏´‡∏•‡∏µ  JJ-H017","","‡∏ø189","99","","","‡∏Ç‡∏≤‡∏¢‡πÅ‡∏•‡πâ‡∏ß 6.6‡∏û‡∏±‡∏ô ‡∏ä‡∏¥‡πâ‡∏ô","‡∏à‡∏±‡∏á‡∏´‡∏ß‡∏±‡∏î‡∏Å‡∏£‡∏∏‡∏á‡πÄ‡∏ó‡∏û‡∏°‡∏´‡∏≤‡∏ô‡∏Ñ‡∏£"
"https://shopee.co.th/%E0%B8%9E%E0%B8%A3%E0%B9%89%E0%B8%AD%E0%B8%A1%E0%B8%AA%E0%B9%88%E0%B8%87%E0%B8%84%E0%B9%88%E0%B8%B0%F0%9F%91%8F%E0%B8%81%E0%B8%A3%E0%B8%B0%E0%B9%80%E0%B8%9B%E0%B9%8B%E0%B8%B2%E0%B8%9C%E0%B9%89%E0%B8%B2%E0%B8%95%E0%B8%B2%E0%B8%82%E0%B9%88%E0%B8%B2%E0%B8%A2-%E0%B8%81%E0%B8%A3%E0%B8%B0%E0%B9%80%E0%B8%9B%E0%B9%8B%E0%B8%B2%E0%B8%88%E0%B8%B1%E0%B8%94%E0%B8%A3%E0%B8%B0%E0%B9%80%E0%B8%9A%E0%B8%B5%E0%B8%A2%E0%B8%9A-%E0%B8%81%E0%B8%A3%E0%B8%B0%E0%B9%80%E0%B8%9B%E0%B9%8B%E0%B8%B2%E0%B9%80%E0%B8%84%E0%B8%A3%E0%B8%B7%E0%B9%88%E0%B8%AD%E0%B8%87%E0%B8%AA%E0%B8%B3%E0%B8%AD%E0%B8%B2%E0%B8%87-%E0%B8%AA%E0%B8%B3%E0%B8%AB%E0%B8%A3%E0%B8%B1%E0%B8%9A%E0%B9%80%E0%B8%94%E0%B8%B4%E0%B8%99%E0%B8%97%E0%B8%B2%E0%B8%87-(%E0%B8%A1%E0%B8%B5-3-%E0%B8%82%E0%B8%99%E0%B8%B2%E0%B8%94-S-M-L)-%E0%B8%84%E0%B8%A7%E0%B8%B2%E0%B8%A1%E0%B8%88%E0%B8%B8%E0%B8%AA%E0%B8%B9%E0%B8%87-i.255138429.3022986352?sp_atk=822faac3-9e9d-42e7-a2a1-64c066a4f592&xptdk=822faac3-9e9d-42e7-a2a1-64c066a4f592","https://down-th.img.susercontent.com/file/895f1d27cd4d2d10eb8c1cdc6bdbd167_tn","‡∏£‡πâ‡∏≤‡∏ô‡πÅ‡∏ô‡∏∞‡∏ô‡∏≥","-69%","https://down-th.img.susercontent.com/file/th-50009109-046794c5ea23d6812a0e40e6e0f9ef76","‡∏û‡∏£‡πâ‡∏≠‡∏°‡∏™‡πà‡∏á‡∏Ñ‡πà‡∏∞üëè‡∏Å‡∏£‡∏∞‡πÄ‡∏õ‡πã‡∏≤‡∏ú‡πâ‡∏≤‡∏ï‡∏≤‡∏Ç‡πà‡∏≤‡∏¢ ‡∏Å‡∏£‡∏∞‡πÄ‡∏õ‡πã‡∏≤‡∏à‡∏±‡∏î‡∏£‡∏∞‡πÄ‡∏ö‡∏µ‡∏¢‡∏ö ‡∏Å‡∏£‡∏∞‡πÄ‡∏õ‡πã‡∏≤‡πÄ‡∏Ñ‡∏£‡∏∑‡πà‡∏≠‡∏á‡∏™‡∏≥‡∏≠‡∏≤‡∏á ‡∏™‡∏≥‡∏´‡∏£‡∏±‡∏ö‡πÄ‡∏î‡∏¥‡∏ô‡∏ó‡∏≤‡∏á (‡∏°‡∏µ 3 ‡∏Ç‡∏ô‡∏≤‡∏î S M L)  ‡∏Ñ‡∏ß‡∏≤‡∏°‡∏à‡∏∏‡∏™‡∏π‡∏á","","-","28","‡∏ø","49","‡∏Ç‡∏≤‡∏¢‡πÅ‡∏•‡πâ‡∏ß 34.1‡∏û‡∏±‡∏ô ‡∏ä‡∏¥‡πâ‡∏ô","‡∏à‡∏±‡∏á‡∏´‡∏ß‡∏±‡∏î‡∏õ‡∏ó‡∏∏‡∏°‡∏ò‡∏≤‡∏ô‡∏µ"
"https://shopee.co.th/%E0%B8%96%E0%B8%B8%E0%B8%87%E0%B8%9C%E0%B9%89%E0%B8%B2%E0%B8%81%E0%B8%A3%E0%B8%B0%E0%B9%80%E0%B8%9B%E0%B9%8B%E0%B8%B2%E0%B8%9C%E0%B9%89%E0%B8%B2%E0%B8%A1%E0%B8%AB%E0%B8%B2%E0%B9%80%E0%B8%AE%E0%B8%87-%E0%B8%82%E0%B8%AD%E0%B8%87%E0%B8%82%E0%B8%A7%E0%B8%B1%E0%B8%8D-%E0%B8%82%E0%B8%AD%E0%B8%87%E0%B8%8A%E0%B8%B3%E0%B8%A3%E0%B9%88%E0%B8%A7%E0%B8%A2-%E0%B8%AB%E0%B8%B9%E0%B8%AB%E0%B8%B4%E0%B9%89%E0%B8%A7%E0%B8%9E%E0%B8%A3%E0%B9%89%E0%B8%AD%E0%B8%A1%E0%B8%AB%E0%B8%B9%E0%B8%A3%E0%B8%B9%E0%B8%94-%E0%B8%82%E0%B8%99%E0%B8%B2%E0%B8%94-8x10%E0%B8%99%E0%B8%B4%E0%B9%89%E0%B8%A7-%E0%B8%82%E0%B8%A2%E0%B8%B2%E0%B8%A2%E0%B8%81%E0%B9%89%E0%B8%99-2-%E0%B8%99%E0%B8%B4%E0%B9%89%E0%B8%A7-i.205633308.20210589704?sp_atk=7652857d-0784-49a0-a93f-b1aa98aefb29&xptdk=7652857d-0784-49a0-a93f-b1aa98aefb29","https://down-th.img.susercontent.com/file/th-11134207-7r991-lo8eu2p9gfzk25_tn","","-43%","https://down-th.img.susercontent.com/file/th-50009109-9c786d792d156d2e2f25280da85238f4","‡∏ñ‡∏∏‡∏á‡∏ú‡πâ‡∏≤‡∏Å‡∏£‡∏∞‡πÄ‡∏õ‡πã‡∏≤‡∏ú‡πâ‡∏≤‡∏°‡∏´‡∏≤‡πÄ‡∏Æ‡∏á ‡∏Ç‡∏≠‡∏á‡∏Ç‡∏ß‡∏±‡∏ç ‡∏Ç‡∏≠‡∏á‡∏ä‡∏≥‡∏£‡πà‡∏ß‡∏¢ ‡∏´‡∏π‡∏´‡∏¥‡πâ‡∏ß‡∏û‡∏£‡πâ‡∏≠‡∏°‡∏´‡∏π‡∏£‡∏π‡∏î ‡∏Ç‡∏ô‡∏≤‡∏î 8x10‡∏ô‡∏¥‡πâ‡∏ß ‡∏Ç‡∏¢‡∏≤‡∏¢‡∏Å‡πâ‡∏ô 2 ‡∏ô‡∏¥‡πâ‡∏ß","","‡∏ø70","40","","","‡∏Ç‡∏≤‡∏¢‡πÅ‡∏•‡πâ‡∏ß 55.5‡∏û‡∏±‡∏ô ‡∏ä‡∏¥‡πâ‡∏ô","‡∏à‡∏±‡∏á‡∏´‡∏ß‡∏±‡∏î‡∏õ‡∏ó‡∏∏‡∏°‡∏ò‡∏≤‡∏ô‡∏µ"
"https://shopee.co.th/%F0%9F%94%A5-%E0%B8%9E%E0%B8%A7%E0%B8%87%E0%B8%81%E0%B8%B8%E0%B8%8D%E0%B9%81%E0%B8%88%E0%B8%AB%E0%B9%89%E0%B8%AD%E0%B8%A2%E0%B8%88%E0%B8%B5%E0%B9%89%E0%B8%A3%E0%B8%B9%E0%B8%9B%E0%B8%81%E0%B8%B2%E0%B8%A3%E0%B9%8C%E0%B8%95%E0%B8%B9%E0%B8%99%E0%B8%82%E0%B8%99%E0%B8%B2%E0%B8%94%E0%B8%95%E0%B8%B8%E0%B9%8A%E0%B8%81%E0%B8%95%E0%B8%B2%E0%B8%99%E0%B8%B8%E0%B9%88%E0%B8%A1%E0%B8%A3%E0%B8%B9%E0%B8%9B%E0%B8%81%E0%B8%B2%E0%B8%A3%E0%B9%8C%E0%B8%95%E0%B8%B9%E0%B8%99%E0%B9%82%E0%B8%97%E0%B9%82%E0%B8%97%E0%B9%82%E0%B8%A3%E0%B9%88%E0%B9%80%E0%B8%9E%E0%B8%B7%E0%B9%88%E0%B8%AD%E0%B8%99%E0%B8%A3%E0%B8%B1%E0%B8%81-i.97804512.7854435459?sp_atk=8ec16764-9d91-4447-b652-b3be6c5de726&xptdk=8ec16764-9d91-4447-b652-b3be6c5de726","https://down-th.img.susercontent.com/file/dd50cdf1cae2af4663006d77664c82c1_tn","","-22%","","üî• ‡∏û‡∏ß‡∏á‡∏Å‡∏∏‡∏ç‡πÅ‡∏à‡∏´‡πâ‡∏≠‡∏¢‡∏à‡∏µ‡πâ‡∏£‡∏π‡∏õ‡∏Å‡∏≤‡∏£‡πå‡∏ï‡∏π‡∏ô‡∏Ç‡∏ô‡∏≤‡∏î‡∏ï‡∏∏‡πä‡∏Å‡∏ï‡∏≤‡∏ô‡∏∏‡πà‡∏°‡∏£‡∏π‡∏õ‡∏Å‡∏≤‡∏£‡πå‡∏ï‡∏π‡∏ô‡πÇ‡∏ó‡πÇ‡∏ó‡πÇ‡∏£‡πà‡πÄ‡∏û‡∏∑‡πà‡∏≠‡∏ô‡∏£‡∏±‡∏Å","","‡∏ø18","14","","","‡∏Ç‡∏≤‡∏¢‡πÅ‡∏•‡πâ‡∏ß 30.6‡∏û‡∏±‡∏ô ‡∏ä‡∏¥‡πâ‡∏ô","‡∏à‡∏±‡∏á‡∏´‡∏ß‡∏±‡∏î‡∏Å‡∏£‡∏∏‡∏á‡πÄ‡∏ó‡∏û‡∏°‡∏´‡∏≤‡∏ô‡∏Ñ‡∏£"
"https://shopee.co.th/(HB-556)-%E0%B8%81%E0%B8%A3%E0%B8%B0%E0%B9%80%E0%B8%9B%E0%B9%8B%E0%B8%B2%E0%B8%88%E0%B8%B4%E0%B9%8B%E0%B8%A7-%E0%B8%AA%E0%B8%B0%E0%B8%9E%E0%B8%B2%E0%B8%A2%E0%B8%82%E0%B9%89%E0%B8%B2%E0%B8%87-%E0%B8%99%E0%B9%88%E0%B8%B2%E0%B8%A3%E0%B8%B1%E0%B8%81%E0%B8%A1%E0%B8%B2%E0%B8%81-%E0%B8%AB%E0%B8%99%E0%B8%B1%E0%B8%87-PU-i.148585848.18238362519?sp_atk=aff71834-8cb3-49dc-aade-6fe11d4eaadf&xptdk=aff71834-8cb3-49dc-aade-6fe11d4eaadf","https://down-th.img.susercontent.com/file/sg-11134201-7qvfe-lfxrqc8jj7s551_tn","‡∏£‡πâ‡∏≤‡∏ô‡πÅ‡∏ô‡∏∞‡∏ô‡∏≥","-55%","https://down-th.img.susercontent.com/file/th-50009109-dfe02b2e2296fa17d79fc513bfadb4da","(HB-556) ‡∏Å‡∏£‡∏∞‡πÄ‡∏õ‡πã‡∏≤‡∏à‡∏¥‡πã‡∏ß ‡∏™‡∏∞‡∏û‡∏≤‡∏¢‡∏Ç‡πâ‡∏≤‡∏á ‡∏ô‡πà‡∏≤‡∏£‡∏±‡∏Å‡∏°‡∏≤‡∏Å ‡∏´‡∏ô‡∏±‡∏á PU","","-","89","‡∏ø","105","‡∏Ç‡∏≤‡∏¢‡πÅ‡∏•‡πâ‡∏ß 15.4‡∏û‡∏±‡∏ô ‡∏ä‡∏¥‡πâ‡∏ô","‡∏à‡∏±‡∏á‡∏´‡∏ß‡∏±‡∏î‡∏Å‡∏£‡∏∏‡∏á‡πÄ‡∏ó‡∏û‡∏°‡∏´‡∏≤‡∏ô‡∏Ñ‡∏£"
"https://shopee.co.th/%F0%9F%A4%8D%E0%B8%9E%E0%B8%A3%E0%B9%89%E0%B8%AD%E0%B8%A1%E0%B8%AA%E0%B9%88%E0%B8%87%F0%9F%A4%8D-%E0%B8%8B%E0%B8%AD%E0%B8%87%E0%B9%81%E0%B8%9A%E0%B9%88%E0%B8%87%E0%B8%82%E0%B8%AD%E0%B8%87%E0%B9%80%E0%B8%AB%E0%B8%A5%E0%B8%A7%E0%B8%9E%E0%B8%81%E0%B8%9E%E0%B8%B2-%E0%B8%96%E0%B8%B8%E0%B8%87%E0%B9%83%E0%B8%AA%E0%B9%88%E0%B8%82%E0%B8%AD%E0%B8%87%E0%B9%80%E0%B8%AB%E0%B8%A5%E0%B8%A7-%E0%B8%8B%E0%B8%AD%E0%B8%87%E0%B9%81%E0%B8%9A%E0%B9%88%E0%B8%87%E0%B8%84%E0%B8%A3%E0%B8%B5%E0%B8%A1%E0%B8%82%E0%B8%99%E0%B8%B2%E0%B8%94%E0%B8%9E%E0%B8%81%E0%B8%9E%E0%B8%B2-%E0%B8%96%E0%B8%B8%E0%B8%87%E0%B8%9D%E0%B8%B2%E0%B9%80%E0%B8%81%E0%B8%A5%E0%B8%B5%E0%B8%A2%E0%B8%A7-%E0%B8%96%E0%B8%B8%E0%B8%87%E0%B8%9A%E0%B8%A3%E0%B8%A3%E0%B8%88%E0%B8%B8%E0%B8%82%E0%B8%AD%E0%B8%87%E0%B9%80%E0%B8%AB%E0%B8%A5%E0%B8%A7-%E0%B8%8B%E0%B8%AD%E0%B8%87%E0%B9%81%E0%B8%9A%E0%B9%88%E0%B8%87%E0%B8%82%E0%B8%AD%E0%B8%87%E0%B9%80%E0%B8%AB%E0%B8%A5%E0%B8%A7-%E0%B8%96%E0%B8%B8%E0%B8%87%E0%B9%83%E0%B8%AA%E0%B9%88%E0%B8%84%E0%B8%A3%E0%B8%B5%E0%B8%A1-i.364065682.19924210396?sp_atk=71d79f5c-33ff-46c5-9e96-244f5fd80e48&xptdk=71d79f5c-33ff-46c5-9e96-244f5fd80e48","https://down-th.img.susercontent.com/file/th-11134207-7qukz-liu3vv4w3oupb2_tn","‡∏£‡πâ‡∏≤‡∏ô‡πÅ‡∏ô‡∏∞‡∏ô‡∏≥","-67%","https://down-th.img.susercontent.com/file/th-50009109-046794c5ea23d6812a0e40e6e0f9ef76","ü§ç‡∏û‡∏£‡πâ‡∏≠‡∏°‡∏™‡πà‡∏áü§ç ‡∏ã‡∏≠‡∏á‡πÅ‡∏ö‡πà‡∏á‡∏Ç‡∏≠‡∏á‡πÄ‡∏´‡∏•‡∏ß‡∏û‡∏Å‡∏û‡∏≤ ‡∏ñ‡∏∏‡∏á‡πÉ‡∏™‡πà‡∏Ç‡∏≠‡∏á‡πÄ‡∏´‡∏•‡∏ß ‡∏ã‡∏≠‡∏á‡πÅ‡∏ö‡πà‡∏á‡∏Ñ‡∏£‡∏µ‡∏°‡∏Ç‡∏ô‡∏≤‡∏î‡∏û‡∏Å‡∏û‡∏≤ ‡∏ñ‡∏∏‡∏á‡∏ù‡∏≤‡πÄ‡∏Å‡∏•‡∏µ‡∏¢‡∏ß ‡∏ñ‡∏∏‡∏á‡∏ö‡∏£‡∏£‡∏à‡∏∏‡∏Ç‡∏≠‡∏á‡πÄ‡∏´‡∏•‡∏ß ‡∏ã‡∏≠‡∏á‡πÅ‡∏ö‡πà‡∏á‡∏Ç‡∏≠‡∏á‡πÄ‡∏´‡∏•‡∏ß ‡∏ñ‡∏∏‡∏á‡πÉ‡∏™‡πà‡∏Ñ‡∏£‡∏µ‡∏°","","-","3","‡∏ø","6","‡∏Ç‡∏≤‡∏¢‡πÅ‡∏•‡πâ‡∏ß 62.9‡∏û‡∏±‡∏ô ‡∏ä‡∏¥‡πâ‡∏ô","‡∏à‡∏±‡∏á‡∏´‡∏ß‡∏±‡∏î‡∏Å‡∏£‡∏∏‡∏á‡πÄ‡∏ó‡∏û‡∏°‡∏´‡∏≤‡∏ô‡∏Ñ‡∏£"
"https://shopee.co.th/%E0%B8%81%E0%B8%A3%E0%B8%B0%E0%B9%80%E0%B8%9B%E0%B9%8B%E0%B8%B2-Tote-Bag-%E0%B8%81%E0%B8%A3%E0%B8%B0%E0%B9%80%E0%B8%9B%E0%B9%8B%E0%B8%B2%E0%B8%9C%E0%B9%89%E0%B8%B2%E0%B8%A1%E0%B8%B4%E0%B8%99%E0%B8%B4%E0%B8%A1%E0%B8%AD%E0%B8%A5-9-%E0%B8%A5%E0%B8%B2%E0%B8%A2%E0%B8%AA%E0%B8%81%E0%B8%A3%E0%B8%B5%E0%B8%99-%E0%B8%82%E0%B8%99%E0%B8%B2%E0%B8%94-43x33cm-%E0%B8%81%E0%B8%A3%E0%B8%B0%E0%B9%80%E0%B8%9B%E0%B9%8B%E0%B8%B2%E0%B8%9C%E0%B9%89%E0%B8%B2-i.65173690.11482878789?sp_atk=fe642d3e-5d39-4ed6-8158-1bc75dfcbd90&xptdk=fe642d3e-5d39-4ed6-8158-1bc75dfcbd90","https://down-th.img.susercontent.com/file/9ca848e29395318ed1a7aba164a84260_tn","","-99%","https://down-th.img.susercontent.com/file/th-50009109-046794c5ea23d6812a0e40e6e0f9ef76","‡∏Å‡∏£‡∏∞‡πÄ‡∏õ‡πã‡∏≤ Tote Bag ‡∏Å‡∏£‡∏∞‡πÄ‡∏õ‡πã‡∏≤‡∏ú‡πâ‡∏≤‡∏°‡∏¥‡∏ô‡∏¥‡∏°‡∏≠‡∏• 9 ‡∏•‡∏≤‡∏¢‡∏™‡∏Å‡∏£‡∏µ‡∏ô ‡∏Ç‡∏ô‡∏≤‡∏î 43x33cm ‡∏Å‡∏£‡∏∞‡πÄ‡∏õ‡πã‡∏≤‡∏ú‡πâ‡∏≤","","‡∏ø47","1","","","‡∏Ç‡∏≤‡∏¢‡πÅ‡∏•‡πâ‡∏ß 146.8‡∏û‡∏±‡∏ô ‡∏ä‡∏¥‡πâ‡∏ô","‡∏à‡∏±‡∏á‡∏´‡∏ß‡∏±‡∏î‡∏°‡∏∏‡∏Å‡∏î‡∏≤‡∏´‡∏≤‡∏£"
"https://shopee.co.th/%E3%80%90%E0%B8%9E%E0%B8%A3%E0%B9%89%E0%B8%AD%E0%B8%A1%E0%B8%AA%E0%B9%88%E0%B8%87%E3%80%91miss-bag-fashion-%E0%B8%81%E0%B8%A3%E0%B8%B0%E0%B9%80%E0%B8%9B%E0%B9%8B%E0%B8%B2%E0%B8%AA%E0%B8%B0%E0%B8%9E%E0%B8%B2%E0%B8%A2%E0%B8%82%E0%B9%89%E0%B8%B2%E0%B8%87-%E0%B8%81%E0%B8%A3%E0%B8%B0%E0%B9%80%E0%B8%9B%E0%B9%8B%E0%B8%B2%E0%B8%96%E0%B8%B7%E0%B8%AD-%E0%B8%A3%E0%B8%B8%E0%B9%88%E0%B8%99-cath5520-i.32716644.14291368275?sp_atk=4ebf15c7-8e64-4833-94c8-1351d5f82ace&xptdk=4ebf15c7-8e64-4833-94c8-1351d5f82ace","https://down-th.img.susercontent.com/file/sg-11134201-7rbm7-ll3tpc59phizb3_tn","","-42%","https://down-th.img.susercontent.com/file/th-50009109-046794c5ea23d6812a0e40e6e0f9ef76","„Äê‡∏û‡∏£‡πâ‡∏≠‡∏°‡∏™‡πà‡∏á„Äëmiss bag fashion ‡∏Å‡∏£‡∏∞‡πÄ‡∏õ‡πã‡∏≤‡∏™‡∏∞‡∏û‡∏≤‡∏¢‡∏Ç‡πâ‡∏≤‡∏á ‡∏Å‡∏£‡∏∞‡πÄ‡∏õ‡πã‡∏≤‡∏ñ‡∏∑‡∏≠  ‡∏£‡∏∏‡πà‡∏ô cath5520","","‡∏ø189","109","","","‡∏Ç‡∏≤‡∏¢‡πÅ‡∏•‡πâ‡∏ß 2.5‡∏û‡∏±‡∏ô ‡∏ä‡∏¥‡πâ‡∏ô","‡∏à‡∏±‡∏á‡∏´‡∏ß‡∏±‡∏î‡∏Å‡∏£‡∏∏‡∏á‡πÄ‡∏ó‡∏û‡∏°‡∏´‡∏≤‡∏ô‡∏Ñ‡∏£"
"https://shopee.co.th/tokyosellected(T1646)-%E0%B8%81%E0%B8%A3%E0%B8%B0%E0%B9%80%E0%B8%9B%E0%B9%8B%E0%B8%B2%E0%B8%AA%E0%B8%B0%E0%B8%9E%E0%B8%B2%E0%B8%A2%E0%B8%82%E0%B9%89%E0%B8%B2%E0%B8%87%E0%B8%9C%E0%B9%89%E0%B8%B2%E0%B9%81%E0%B8%84%E0%B8%99%E0%B8%A7%E0%B8%B2%E0%B8%AA%E0%B9%80%E0%B8%8B%E0%B9%87%E0%B8%95-i.92773471.10603726189?sp_atk=e91d8b41-92e8-47e4-b51b-1552d4c63ec9&xptdk=e91d8b41-92e8-47e4-b51b-1552d4c63ec9","https://down-th.img.susercontent.com/file/de229a6adf567ade15a4d7ecb87cc095_tn","‡∏£‡πâ‡∏≤‡∏ô‡πÅ‡∏ô‡∏∞‡∏ô‡∏≥","-34%","","tokyosellected(T1646) ‡∏Å‡∏£‡∏∞‡πÄ‡∏õ‡πã‡∏≤‡∏™‡∏∞‡∏û‡∏≤‡∏¢‡∏Ç‡πâ‡∏≤‡∏á‡∏ú‡πâ‡∏≤‡πÅ‡∏Ñ‡∏ô‡∏ß‡∏≤‡∏™‡πÄ‡∏ã‡πá‡∏ï","‡∏ã‡∏∑‡πâ‡∏≠ 2 ‡∏ä‡∏¥‡πâ‡∏ô ‡∏•‡∏î 1%","‡∏ø89","59","","","‡∏Ç‡∏≤‡∏¢‡πÅ‡∏•‡πâ‡∏ß 3.7‡∏û‡∏±‡∏ô ‡∏ä‡∏¥‡πâ‡∏ô","‡∏à‡∏±‡∏á‡∏´‡∏ß‡∏±‡∏î‡∏Å‡∏£‡∏∏‡∏á‡πÄ‡∏ó‡∏û‡∏°‡∏´‡∏≤‡∏ô‡∏Ñ‡∏£"
"https://shopee.co.th/-F0539-%E0%B8%96%E0%B8%B8%E0%B8%87%E0%B9%83%E0%B8%AA%E0%B9%88%E0%B8%A3%E0%B8%AD%E0%B8%87%E0%B9%80%E0%B8%97%E0%B9%89%E0%B8%B2%E0%B9%81%E0%B8%9A%E0%B8%9A%E0%B8%AB%E0%B8%B9%E0%B8%A3%E0%B8%B9%E0%B8%94-(%E0%B8%A1%E0%B8%B5%E0%B9%83%E0%B8%AB%E0%B9%89%E0%B9%80%E0%B8%A5%E0%B8%B7%E0%B8%AD%E0%B8%812%E0%B8%82%E0%B8%99%E0%B8%B2%E0%B8%94)-%E0%B8%96%E0%B8%B8%E0%B8%87%E0%B9%83%E0%B8%AA%E0%B9%88%E0%B8%82%E0%B8%AD%E0%B8%87%E0%B8%AD%E0%B9%80%E0%B8%99%E0%B8%81%E0%B8%9B%E0%B8%A3%E0%B8%B0%E0%B8%AA%E0%B8%87%E0%B8%84%E0%B9%8C-i.57487502.22514469883?sp_atk=ba3bac9f-a5f3-454a-b1b6-8f6484efd124&xptdk=ba3bac9f-a5f3-454a-b1b6-8f6484efd124","https://down-th.img.susercontent.com/file/sg-11134201-22120-29ziryuktklvdb_tn","","-50%","https://down-th.img.susercontent.com/file/th-50009109-046794c5ea23d6812a0e40e6e0f9ef76","[F0539] ‡∏ñ‡∏∏‡∏á‡πÉ‡∏™‡πà‡∏£‡∏≠‡∏á‡πÄ‡∏ó‡πâ‡∏≤‡πÅ‡∏ö‡∏ö‡∏´‡∏π‡∏£‡∏π‡∏î  (‡∏°‡∏µ‡πÉ‡∏´‡πâ‡πÄ‡∏•‡∏∑‡∏≠‡∏Å2‡∏Ç‡∏ô‡∏≤‡∏î) ‡∏ñ‡∏∏‡∏á‡πÉ‡∏™‡πà‡∏Ç‡∏≠‡∏á‡∏≠‡πÄ‡∏ô‡∏Å‡∏õ‡∏£‡∏∞‡∏™‡∏á‡∏Ñ‡πå","","-","5","‡∏ø","6","‡∏Ç‡∏≤‡∏¢‡πÅ‡∏•‡πâ‡∏ß 89.7‡∏û‡∏±‡∏ô ‡∏ä‡∏¥‡πâ‡∏ô","‡∏à‡∏±‡∏á‡∏´‡∏ß‡∏±‡∏î‡∏Å‡∏£‡∏∏‡∏á‡πÄ‡∏ó‡∏û‡∏°‡∏´‡∏≤‡∏ô‡∏Ñ‡∏£"
"https://shopee.co.th/%E2%9A%A1%EF%B8%8FFU-FU%E0%B8%96%E0%B8%B8%E0%B8%87%E0%B8%9C%E0%B9%89%E0%B8%B2-%E0%B8%81%E0%B8%B9%E0%B9%89%E0%B9%82%E0%B8%A5%E0%B8%81%E2%9A%A1%EF%B8%8F%E0%B8%82%E0%B8%A2%E0%B8%B2%E0%B8%A2%E0%B8%81%E0%B9%89%E0%B8%99-%E0%B8%82%E0%B8%A2%E0%B8%B2%E0%B8%A2%E0%B8%82%E0%B9%89%E0%B8%B2%E0%B8%87(%E0%B8%97%E0%B8%A3%E0%B8%87%E0%B8%81%E0%B8%A7%E0%B9%89%E0%B8%B2%E0%B8%87)-%E0%B8%96%E0%B8%B8%E0%B8%87%E0%B8%9C%E0%B9%89%E0%B8%B2%E0%B8%AA%E0%B8%9B%E0%B8%B1%E0%B8%99%E0%B8%9A%E0%B8%AD%E0%B8%99%E0%B8%94%E0%B9%8C-%E0%B8%8B%E0%B8%B5%E0%B8%A5%E0%B8%A3%E0%B8%B5%E0%B8%94%E0%B8%84%E0%B8%A7%E0%B8%B2%E0%B8%A1%E0%B8%A3%E0%B9%89%E0%B8%AD%E0%B8%99%E0%B8%AA%E0%B8%B2%E0%B8%A2%E0%B8%AB%E0%B8%B4%E0%B9%89%E0%B8%A7-%E0%B8%82%E0%B8%AD%E0%B8%87%E0%B8%82%E0%B8%A7%E0%B8%B1%E0%B8%8D-%E0%B8%96%E0%B8%B8%E0%B8%87%E0%B8%9C%E0%B9%89%E0%B8%B2%E0%B8%AA%E0%B8%9B%E0%B8%B1%E0%B8%99-%E0%B8%96%E0%B8%B8%E0%B8%87%E0%B8%A3%E0%B8%B1%E0%B8%81%E0%B8%A9%E0%B9%8C%E0%B9%82%E0%B8%A5%E0%B8%81-i.179324678.5251441350?sp_atk=bac85e6c-e250-491c-b075-28cfa79d6cd2&xptdk=bac85e6c-e250-491c-b075-28cfa79d6cd2","https://down-th.img.susercontent.com/file/8bead82066555445328b04e138af0caf_tn","","","https://down-th.img.susercontent.com/file/th-50009109-9c786d792d156d2e2f25280da85238f4","‚ö°Ô∏èFU FU‡∏ñ‡∏∏‡∏á‡∏ú‡πâ‡∏≤ ‡∏Å‡∏π‡πâ‡πÇ‡∏•‡∏Å‚ö°Ô∏è‡∏Ç‡∏¢‡∏≤‡∏¢‡∏Å‡πâ‡∏ô+‡∏Ç‡∏¢‡∏≤‡∏¢‡∏Ç‡πâ‡∏≤‡∏á(‡∏ó‡∏£‡∏á‡∏Å‡∏ß‡πâ‡∏≤‡∏á) ‡∏ñ‡∏∏‡∏á‡∏ú‡πâ‡∏≤‡∏™‡∏õ‡∏±‡∏ô‡∏ö‡∏≠‡∏ô‡∏î‡πå ‡∏ã‡∏µ‡∏•‡∏£‡∏µ‡∏î‡∏Ñ‡∏ß‡∏≤‡∏°‡∏£‡πâ‡∏≠‡∏ô‡∏™‡∏≤‡∏¢‡∏´‡∏¥‡πâ‡∏ß ‡∏Ç‡∏≠‡∏á‡∏Ç‡∏ß‡∏±‡∏ç ‡∏ñ‡∏∏‡∏á‡∏ú‡πâ‡∏≤‡∏™‡∏õ‡∏±‡∏ô ‡∏ñ‡∏∏‡∏á‡∏£‡∏±‡∏Å‡∏©‡πå‡πÇ‡∏•‡∏Å","","-","9","‡∏ø","12","‡∏Ç‡∏≤‡∏¢‡πÅ‡∏•‡πâ‡∏ß 138.1‡∏û‡∏±‡∏ô ‡∏ä‡∏¥‡πâ‡∏ô","‡∏à‡∏±‡∏á‡∏´‡∏ß‡∏±‡∏î‡πÄ‡∏ä‡∏µ‡∏¢‡∏á‡πÉ‡∏´‡∏°‡πà"
"https://shopee.co.th/%E0%B8%81%E0%B8%A3%E0%B8%B0%E0%B9%80%E0%B8%9B%E0%B9%8B%E0%B8%B2%E0%B9%81%E0%B8%9A%E0%B8%A3%E0%B8%99%E0%B8%94%E0%B9%8C%E0%B9%80%E0%B8%99%E0%B8%A1%E0%B8%A1%E0%B8%B7%E0%B8%AD2-%E0%B8%A3%E0%B8%B2%E0%B8%84%E0%B8%B2790-1890%E0%B8%9A%E0%B8%B2%E0%B8%97-i.287948174.19051265227?sp_atk=fac0292d-9502-435d-8c78-1640350704c2&xptdk=fac0292d-9502-435d-8c78-1640350704c2","https://down-th.img.susercontent.com/file/th-11134207-7r991-lphp8cpofnwv96_tn","","","","‡∏Å‡∏£‡∏∞‡πÄ‡∏õ‡πã‡∏≤‡πÅ‡∏ö‡∏£‡∏ô‡∏î‡πå‡πÄ‡∏ô‡∏°‡∏°‡∏∑‡∏≠2 ‡∏£‡∏≤‡∏Ñ‡∏≤790-1890‡∏ö‡∏≤‡∏ó","","-","790","‡∏ø","1,890","‡∏Ç‡∏≤‡∏¢‡πÅ‡∏•‡πâ‡∏ß 4‡∏û‡∏±‡∏ô ‡∏ä‡∏¥‡πâ‡∏ô","‡∏à‡∏±‡∏á‡∏´‡∏ß‡∏±‡∏î‡∏Å‡∏£‡∏∏‡∏á‡πÄ‡∏ó‡∏û‡∏°‡∏´‡∏≤‡∏ô‡∏Ñ‡∏£"
"https://shopee.co.th/%E3%80%90%E0%B9%80%E0%B8%AB%E0%B9%87%E0%B8%94%E3%80%91%E0%B8%81%E0%B8%A3%E0%B8%B0%E0%B9%80%E0%B8%9B%E0%B9%8B%E0%B8%B2%E0%B8%AA%E0%B8%B0%E0%B8%9E%E0%B8%B2%E0%B8%A2%E0%B9%84%E0%B8%AB%E0%B8%A5%E0%B9%88-%E0%B9%81%E0%B8%9F%E0%B8%8A%E0%B8%B1%E0%B9%88%E0%B8%99%E0%B9%80%E0%B8%81%E0%B8%B2%E0%B8%AB%E0%B8%A5%E0%B8%B5-%E0%B8%AA%E0%B9%8D%E0%B8%B2%E0%B8%AB%E0%B8%A3%E0%B8%B1%E0%B8%9A%E0%B8%9C%E0%B8%B9%E0%B9%89%E0%B8%AB%E0%B8%8D%E0%B8%B4%E0%B8%87-i.277245801.7753751606?sp_atk=5a5dde10-aa75-46e9-8e66-e37d07213105&xptdk=5a5dde10-aa75-46e9-8e66-e37d07213105","https://down-th.img.susercontent.com/file/3c1f9a9db2a9494419be04b352fb4e81_tn","","-56%","https://down-th.img.susercontent.com/file/th-50009109-dfe02b2e2296fa17d79fc513bfadb4da","„Äê‡πÄ‡∏´‡πá‡∏î„Äë‡∏Å‡∏£‡∏∞‡πÄ‡∏õ‡πã‡∏≤‡∏™‡∏∞‡∏û‡∏≤‡∏¢‡πÑ‡∏´‡∏•‡πà ‡πÅ‡∏ü‡∏ä‡∏±‡πà‡∏ô‡πÄ‡∏Å‡∏≤‡∏´‡∏•‡∏µ ‡∏™‡πç‡∏≤‡∏´‡∏£‡∏±‡∏ö‡∏ú‡∏π‡πâ‡∏´‡∏ç‡∏¥‡∏á","","‡∏ø305","134","","","‡∏Ç‡∏≤‡∏¢‡πÅ‡∏•‡πâ‡∏ß 7.3‡∏û‡∏±‡∏ô ‡∏ä‡∏¥‡πâ‡∏ô","‡∏à‡∏±‡∏á‡∏´‡∏ß‡∏±‡∏î‡∏™‡∏°‡∏∏‡∏ó‡∏£‡∏õ‡∏£‡∏≤‡∏Å‡∏≤‡∏£"
"https://shopee.co.th/%E0%B8%81%E0%B8%A3%E0%B8%B0%E0%B9%80%E0%B8%9B%E0%B9%8B%E0%B8%B2%E0%B8%88%E0%B8%B1%E0%B8%94%E0%B8%A3%E0%B8%B0%E0%B9%80%E0%B8%9A%E0%B8%B5%E0%B8%A2%E0%B8%9A-%E0%B9%83%E0%B8%AA%E0%B9%88%E0%B9%80%E0%B8%AA%E0%B8%B7%E0%B9%89%E0%B8%AD%E0%B8%9C%E0%B9%89%E0%B8%B2-%E0%B8%81%E0%B8%A3%E0%B8%B0%E0%B9%80%E0%B8%9B%E0%B9%8B%E0%B8%B2%E0%B9%80%E0%B8%94%E0%B8%B4%E0%B8%99%E0%B8%97%E0%B8%B2%E0%B8%87-%E0%B8%81%E0%B8%A3%E0%B8%B0%E0%B9%80%E0%B8%9B%E0%B9%8B%E0%B8%B2%E0%B8%8A%E0%B8%B8%E0%B8%94-6-%E0%B8%8A%E0%B8%B4%E0%B9%89%E0%B8%99-i.20691614.9911290477?sp_atk=1ba4d09a-59d5-4483-8927-3dbbf07f05c8&xptdk=1ba4d09a-59d5-4483-8927-3dbbf07f05c8","https://down-th.img.susercontent.com/file/th-11134207-7r98w-lnibaqx011lz42_tn","","","","‡∏Å‡∏£‡∏∞‡πÄ‡∏õ‡πã‡∏≤‡∏à‡∏±‡∏î‡∏£‡∏∞‡πÄ‡∏ö‡∏µ‡∏¢‡∏ö ‡πÉ‡∏™‡πà‡πÄ‡∏™‡∏∑‡πâ‡∏≠‡∏ú‡πâ‡∏≤ ‡∏Å‡∏£‡∏∞‡πÄ‡∏õ‡πã‡∏≤‡πÄ‡∏î‡∏¥‡∏ô‡∏ó‡∏≤‡∏á ‡∏Å‡∏£‡∏∞‡πÄ‡∏õ‡πã‡∏≤‡∏ä‡∏∏‡∏î 6 ‡∏ä‡∏¥‡πâ‡∏ô","","","65","","","‡∏Ç‡∏≤‡∏¢‡πÅ‡∏•‡πâ‡∏ß 23.1‡∏û‡∏±‡∏ô ‡∏ä‡∏¥‡πâ‡∏ô","‡∏à‡∏±‡∏á‡∏´‡∏ß‡∏±‡∏î‡∏õ‡∏ó‡∏∏‡∏°‡∏ò‡∏≤‡∏ô‡∏µ"
"https://shopee.co.th/%E0%B8%81%E0%B8%A3%E0%B8%B0%E0%B9%80%E0%B8%9B%E0%B9%8B%E0%B8%B2%E0%B9%83%E0%B8%9A%E0%B9%83%E0%B8%AB%E0%B8%8D%E0%B9%88%E0%B8%8A%E0%B9%89%E0%B8%AD%E0%B8%9B%E0%B8%9B%E0%B8%B4%E0%B9%89%E0%B8%87%E0%B9%81%E0%B8%9A%E0%B8%9A%E0%B8%9E%E0%B8%B1%E0%B8%9A%E0%B9%84%E0%B8%94%E0%B9%89(60*46*8CM)-%E0%B8%81%E0%B8%A3%E0%B8%B0%E0%B9%80%E0%B8%9B%E0%B9%8B%E0%B8%B2%E0%B8%9C%E0%B9%89%E0%B8%B2%E0%B8%A3%E0%B9%88%E0%B8%A1-%E0%B8%81%E0%B8%A3%E0%B8%B0%E0%B9%80%E0%B8%9B%E0%B9%8B%E0%B8%B2%E0%B8%9E%E0%B8%B1%E0%B8%9A%E0%B9%84%E0%B8%94%E0%B9%89-i.12102114.9189293311?sp_atk=b8655f3d-d6c3-413d-b09e-2bbb4b95b801&xptdk=b8655f3d-d6c3-413d-b09e-2bbb4b95b801","https://down-th.img.susercontent.com/file/e0653e3ae1b0aa31e27031f29fe75f09_tn","","-50%","","‡∏Å‡∏£‡∏∞‡πÄ‡∏õ‡πã‡∏≤‡πÉ‡∏ö‡πÉ‡∏´‡∏ç‡πà‡∏ä‡πâ‡∏≠‡∏õ‡∏õ‡∏¥‡πâ‡∏á‡πÅ‡∏ö‡∏ö‡∏û‡∏±‡∏ö‡πÑ‡∏î‡πâ(60*46*8CM) ‡∏Å‡∏£‡∏∞‡πÄ‡∏õ‡πã‡∏≤‡∏ú‡πâ‡∏≤‡∏£‡πà‡∏° ‡∏Å‡∏£‡∏∞‡πÄ‡∏õ‡πã‡∏≤‡∏û‡∏±‡∏ö‡πÑ‡∏î‡πâ","","‡∏ø56","28","","","‡∏Ç‡∏≤‡∏¢‡πÅ‡∏•‡πâ‡∏ß 21.9‡∏û‡∏±‡∏ô ‡∏ä‡∏¥‡πâ‡∏ô","‡∏à‡∏±‡∏á‡∏´‡∏ß‡∏±‡∏î‡∏Å‡∏£‡∏∏‡∏á‡πÄ‡∏ó‡∏û‡∏°‡∏´‡∏≤‡∏ô‡∏Ñ‡∏£"
"https://shopee.co.th/%F0%9F%94%A560%E0%B8%A5%E0%B8%B2%E0%B8%A2-%E0%B8%82%E0%B8%B2%E0%B8%A23%E0%B8%8A%E0%B8%B4%E0%B9%89%E0%B8%99%E0%B8%82%E0%B8%B6%E0%B9%89%E0%B8%99%E0%B9%84%E0%B8%9B%E0%B8%A5%E0%B8%B0%E0%B8%A5%E0%B8%B2%E0%B8%A2%E0%B9%84%E0%B8%94%E0%B9%89-%E0%B8%81%E0%B8%A3%E0%B8%B0%E0%B9%80%E0%B8%9B%E0%B9%8B%E0%B8%B2%E0%B8%AA%E0%B8%B0%E0%B8%9E%E0%B8%B2%E0%B8%A2%E0%B8%81%E0%B8%B2%E0%B8%A3%E0%B9%8C%E0%B8%95%E0%B8%B9%E0%B8%99%E0%B8%A3%E0%B8%B9%E0%B8%9B%E0%B9%81%E0%B8%9A%E0%B8%9A%E0%B9%83%E0%B8%AB%E0%B8%A1%E0%B9%88-%E0%B8%A1%E0%B8%B5%E0%B8%97%E0%B8%B1%E0%B9%89%E0%B8%87%E0%B8%AB%E0%B8%A1%E0%B8%94-%E0%B8%AA%E0%B8%B5%E0%B9%88%E0%B9%80%E0%B8%AB%E0%B8%A5%E0%B8%B5%E0%B9%88%E0%B8%A2%E0%B8%A1-%E0%B8%81%E0%B8%A5%E0%B8%A1%E0%B8%A3%E0%B8%B9%E0%B8%9B-%E0%B8%AB%E0%B8%B1%E0%B8%A7%E0%B9%83%E0%B8%88-Cartoon-wallet-XKB-i.253123863.8059152817?sp_atk=83905984-3fb1-44c0-917a-15542a4e9a80&xptdk=83905984-3fb1-44c0-917a-15542a4e9a80","https://down-th.img.susercontent.com/file/dd094d694fb4f1dac9e722e56af7ebac_tn","","","https://down-th.img.susercontent.com/file/th-50009109-9c786d792d156d2e2f25280da85238f4","üî•60‡∏•‡∏≤‡∏¢ ‡∏Ç‡∏≤‡∏¢3‡∏ä‡∏¥‡πâ‡∏ô‡∏Ç‡∏∂‡πâ‡∏ô‡πÑ‡∏õ‡∏•‡∏∞‡∏•‡∏≤‡∏¢‡πÑ‡∏î‡πâ ‡∏Å‡∏£‡∏∞‡πÄ‡∏õ‡πã‡∏≤‡∏™‡∏∞‡∏û‡∏≤‡∏¢‡∏Å‡∏≤‡∏£‡πå‡∏ï‡∏π‡∏ô‡∏£‡∏π‡∏õ‡πÅ‡∏ö‡∏ö‡πÉ‡∏´‡∏°‡πà ‡∏°‡∏µ‡∏ó‡∏±‡πâ‡∏á‡∏´‡∏°‡∏î ‡∏™‡∏µ‡πà‡πÄ‡∏´‡∏•‡∏µ‡πà‡∏¢‡∏° ‡∏Å‡∏•‡∏°‡∏£‡∏π‡∏õ ‡∏´‡∏±‡∏ß‡πÉ‡∏à  Cartoon wallet XKB","‡∏ã‡∏∑‡πâ‡∏≠ 6 ‡∏ä‡∏¥‡πâ‡∏ô ‡∏•‡∏î ‡∏ø2","-","10","‡∏ø","13","‡∏Ç‡∏≤‡∏¢‡πÅ‡∏•‡πâ‡∏ß 23.6‡∏û‡∏±‡∏ô ‡∏ä‡∏¥‡πâ‡∏ô","‡∏à‡∏±‡∏á‡∏´‡∏ß‡∏±‡∏î‡∏Å‡∏£‡∏∏‡∏á‡πÄ‡∏ó‡∏û‡∏°‡∏´‡∏≤‡∏ô‡∏Ñ‡∏£"
"https://shopee.co.th/%E0%B8%81%E0%B8%A3%E0%B8%B0%E0%B9%80%E0%B8%9B%E0%B9%8B%E0%B8%B2%E0%B8%AA%E0%B8%B0%E0%B8%9E%E0%B8%B2%E0%B8%A22021%EF%BC%8D%E0%B8%A1%E0%B8%B5-4-%E0%B8%AA%E0%B8%B5%E0%B9%83%E0%B8%AB%E0%B9%89%E0%B9%80%E0%B8%A5%E0%B8%B7%E0%B8%AD%E0%B8%81%E0%B8%AA%E0%B9%84%E0%B8%95%E0%B8%A5%E0%B9%8C%E0%B9%80%E0%B8%81%E0%B8%B2%E0%B8%AB%E0%B8%A5%E0%B8%B5-%E0%B8%99%E0%B9%88%E0%B8%B2%E0%B8%A3%E0%B8%B1%E0%B8%81-%E0%B8%9B%E0%B8%A3%E0%B8%B1%E0%B8%9A%E0%B8%AA%E0%B8%B2%E0%B8%A2%E0%B9%84%E0%B8%94%E0%B9%89-i.17712086.15707044570?sp_atk=d201314a-c6e1-4144-8e5e-7ccbe28aa031&xptdk=d201314a-c6e1-4144-8e5e-7ccbe28aa031","https://down-th.img.susercontent.com/file/c4462565a03d09d43b675ed869735e2a_tn","‡∏£‡πâ‡∏≤‡∏ô‡πÅ‡∏ô‡∏∞‡∏ô‡∏≥","-40%","https://down-th.img.susercontent.com/file/th-50009109-9c786d792d156d2e2f25280da85238f4","‡∏Å‡∏£‡∏∞‡πÄ‡∏õ‡πã‡∏≤‡∏™‡∏∞‡∏û‡∏≤‡∏¢2021Ôºç‡∏°‡∏µ 4 ‡∏™‡∏µ‡πÉ‡∏´‡πâ‡πÄ‡∏•‡∏∑‡∏≠‡∏Å‡∏™‡πÑ‡∏ï‡∏•‡πå‡πÄ‡∏Å‡∏≤‡∏´‡∏•‡∏µ ‡∏ô‡πà‡∏≤‡∏£‡∏±‡∏Å ‡∏õ‡∏£‡∏±‡∏ö‡∏™‡∏≤‡∏¢‡πÑ‡∏î‡πâ","","-","33","‡∏ø","39","‡∏Ç‡∏≤‡∏¢‡πÅ‡∏•‡πâ‡∏ß 6.7‡∏û‡∏±‡∏ô ‡∏ä‡∏¥‡πâ‡∏ô","‡∏à‡∏±‡∏á‡∏´‡∏ß‡∏±‡∏î‡∏Å‡∏£‡∏∏‡∏á‡πÄ‡∏ó‡∏û‡∏°‡∏´‡∏≤‡∏ô‡∏Ñ‡∏£"
"https://shopee.co.th/%E0%B8%82%E0%B8%A7%E0%B8%94%E0%B9%81%E0%B8%81%E0%B9%89%E0%B8%A7%E0%B8%AA%E0%B9%80%E0%B8%9B%E0%B8%A3%E0%B8%A2%E0%B9%8C-%E0%B8%82%E0%B8%A7%E0%B8%94%E0%B8%AA%E0%B9%80%E0%B8%9B%E0%B8%A3%E0%B8%A2%E0%B9%8C-%E0%B8%82%E0%B8%A7%E0%B8%94%E0%B9%83%E0%B8%AA-%E0%B8%82%E0%B8%99%E0%B8%B2%E0%B8%944ml-9ml-20ml-30ml-%E0%B9%83%E0%B8%AA%E0%B9%88%E0%B8%99%E0%B9%89%E0%B8%B3%E0%B8%AB%E0%B8%AD%E0%B8%A1-i.251029856.7492968985?sp_atk=5a51e1bc-8ff0-45c8-9f98-8a068f3abaaa&xptdk=5a51e1bc-8ff0-45c8-9f98-8a068f3abaaa","https://down-th.img.susercontent.com/file/e3b761f759683504d35518a82d0e3826_tn","‡∏£‡πâ‡∏≤‡∏ô‡πÅ‡∏ô‡∏∞‡∏ô‡∏≥","","https://down-th.img.susercontent.com/file/th-50009109-046794c5ea23d6812a0e40e6e0f9ef76","‡∏Ç‡∏ß‡∏î‡πÅ‡∏Å‡πâ‡∏ß‡∏™‡πÄ‡∏õ‡∏£‡∏¢‡πå ‡∏Ç‡∏ß‡∏î‡∏™‡πÄ‡∏õ‡∏£‡∏¢‡πå  ‡∏Ç‡∏ß‡∏î‡πÉ‡∏™ ‡∏Ç‡∏ô‡∏≤‡∏î4ml 9ml 20ml 30ml ‡πÉ‡∏™‡πà‡∏ô‡πâ‡∏≥‡∏´‡∏≠‡∏°","","-","14","‡∏ø","32","‡∏Ç‡∏≤‡∏¢‡πÅ‡∏•‡πâ‡∏ß 19.4‡∏û‡∏±‡∏ô ‡∏ä‡∏¥‡πâ‡∏ô","‡∏à‡∏±‡∏á‡∏´‡∏ß‡∏±‡∏î‡∏Å‡∏£‡∏∏‡∏á‡πÄ‡∏ó‡∏û‡∏°‡∏´‡∏≤‡∏ô‡∏Ñ‡∏£"
"https://shopee.co.th/(B-919)%F0%9F%94%A5%E0%B8%81%E0%B8%A3%E0%B8%B0%E0%B9%80%E0%B8%9B%E0%B9%8B%E0%B8%B2%E0%B8%AA%E0%B8%B3%E0%B8%AB%E0%B8%A3%E0%B8%B1%E0%B8%9A%E0%B8%9C%E0%B8%B9%E0%B9%89%E0%B8%AB%E0%B8%8D%E0%B8%B4%E0%B8%87-%E0%B8%81%E0%B8%A3%E0%B8%B0%E0%B9%80%E0%B8%9B%E0%B9%8B%E0%B8%B2%E0%B8%AB%E0%B8%B9%E0%B8%A3%E0%B8%B9%E0%B8%94-%E0%B8%81%E0%B8%A3%E0%B8%B0%E0%B9%80%E0%B8%9B%E0%B9%8B%E0%B8%B2%E0%B8%9C%E0%B9%89%E0%B8%B2-%E0%B8%AA%E0%B9%84%E0%B8%95%E0%B8%A5%E0%B9%8C%E0%B9%80%E0%B8%81%E0%B8%B2%E0%B8%AB%E0%B8%A5%E0%B8%B5-%E0%B9%81%E0%B8%9F%E0%B8%8A%E0%B8%B1%E0%B9%88%E0%B8%99%E0%B8%A1%E0%B8%B2-%E0%B8%99%E0%B9%88%E0%B8%B2%E0%B8%A3%E0%B8%B1%E0%B8%81-drawstring-pocket-i.26237854.19659400679?sp_atk=14277b80-c101-419c-85cd-fea6d3be32d0&xptdk=14277b80-c101-419c-85cd-fea6d3be32d0","https://down-th.img.susercontent.com/file/sg-11134201-22110-c4hop1rppdjvf4_tn","‡∏£‡πâ‡∏≤‡∏ô‡πÅ‡∏ô‡∏∞‡∏ô‡∏≥","-56%","https://down-th.img.susercontent.com/file/th-50009109-9c786d792d156d2e2f25280da85238f4","(B-919)üî•‡∏Å‡∏£‡∏∞‡πÄ‡∏õ‡πã‡∏≤‡∏™‡∏≥‡∏´‡∏£‡∏±‡∏ö‡∏ú‡∏π‡πâ‡∏´‡∏ç‡∏¥‡∏á ‡∏Å‡∏£‡∏∞‡πÄ‡∏õ‡πã‡∏≤‡∏´‡∏π‡∏£‡∏π‡∏î ‡∏Å‡∏£‡∏∞‡πÄ‡∏õ‡πã‡∏≤‡∏ú‡πâ‡∏≤ ‡∏™‡πÑ‡∏ï‡∏•‡πå‡πÄ‡∏Å‡∏≤‡∏´‡∏•‡∏µ ‡πÅ‡∏ü‡∏ä‡∏±‡πà‡∏ô‡∏°‡∏≤ ‡∏ô‡πà‡∏≤‡∏£‡∏±‡∏Å -drawstring pocket","","‡∏ø50","22","","","‡∏Ç‡∏≤‡∏¢‡πÅ‡∏•‡πâ‡∏ß 21.3‡∏û‡∏±‡∏ô ‡∏ä‡∏¥‡πâ‡∏ô","‡∏à‡∏±‡∏á‡∏´‡∏ß‡∏±‡∏î‡∏™‡∏°‡∏∏‡∏ó‡∏£‡∏õ‡∏£‡∏≤‡∏Å‡∏≤‡∏£"
"https://shopee.co.th/%E0%B8%81%E0%B8%A3%E0%B8%B0%E0%B9%80%E0%B8%9B%E0%B9%8B%E0%B8%B2%E0%B8%AA%E0%B8%B0%E0%B8%9E%E0%B8%B2%E0%B8%A2%E0%B8%82%E0%B9%89%E0%B8%B2%E0%B8%87%E0%B8%9C%E0%B8%B9%E0%B9%89%E0%B8%8A%E0%B8%B2%E0%B8%A2-%E0%B8%81%E0%B8%B1%E0%B8%99%E0%B8%99%E0%B9%89%E0%B8%B3-%E0%B9%80%E0%B8%99%E0%B8%B7%E0%B9%89%E0%B8%AD%E0%B8%9C%E0%B9%89%E0%B8%B2%E0%B8%99%E0%B8%B8%E0%B9%88%E0%B8%A1-%E0%B8%8A%E0%B9%88%E0%B8%AD%E0%B8%87%E0%B9%83%E0%B8%AA%E0%B9%88%E0%B8%82%E0%B8%AD%E0%B8%87%E0%B8%AB%E0%B8%A5%E0%B8%B2%E0%B8%A2%E0%B8%8A%E0%B9%88%E0%B8%AD%E0%B8%87-%E0%B8%81%E0%B8%A3%E0%B8%B0%E0%B9%80%E0%B8%9B%E0%B9%8B%E0%B8%B2%E0%B8%AA%E0%B8%B0%E0%B8%9E%E0%B8%B2%E0%B8%A2%E0%B8%82%E0%B9%89%E0%B8%B2%E0%B8%87%E0%B9%81%E0%B8%9F%E0%B8%8A%E0%B8%B1%E0%B9%88%E0%B8%99-SD4853-i.445515175.19441416488?sp_atk=226841ed-6165-480d-84ab-dde0e4402add&xptdk=226841ed-6165-480d-84ab-dde0e4402add","https://down-th.img.susercontent.com/file/7835d7c1a4215490ab22116ece7fb3d2_tn","‡∏£‡πâ‡∏≤‡∏ô‡πÅ‡∏ô‡∏∞‡∏ô‡∏≥","-65%","https://down-th.img.susercontent.com/file/th-50009109-9c786d792d156d2e2f25280da85238f4","‡∏Å‡∏£‡∏∞‡πÄ‡∏õ‡πã‡∏≤‡∏™‡∏∞‡∏û‡∏≤‡∏¢‡∏Ç‡πâ‡∏≤‡∏á‡∏ú‡∏π‡πâ‡∏ä‡∏≤‡∏¢ ‡∏Å‡∏±‡∏ô‡∏ô‡πâ‡∏≥ ‡πÄ‡∏ô‡∏∑‡πâ‡∏≠‡∏ú‡πâ‡∏≤‡∏ô‡∏∏‡πà‡∏° ‡∏ä‡πà‡∏≠‡∏á‡πÉ‡∏™‡πà‡∏Ç‡∏≠‡∏á‡∏´‡∏•‡∏≤‡∏¢‡∏ä‡πà‡∏≠‡∏á ‡∏Å‡∏£‡∏∞‡πÄ‡∏õ‡πã‡∏≤‡∏™‡∏∞‡∏û‡∏≤‡∏¢‡∏Ç‡πâ‡∏≤‡∏á‡πÅ‡∏ü‡∏ä‡∏±‡πà‡∏ô SD4853","","-","69","‡∏ø","98","‡∏Ç‡∏≤‡∏¢‡πÅ‡∏•‡πâ‡∏ß 2.8‡∏û‡∏±‡∏ô ‡∏ä‡∏¥‡πâ‡∏ô","‡∏ï‡πà‡∏≤‡∏á‡∏õ‡∏£‡∏∞‡πÄ‡∏ó‡∏®"
"https://shopee.co.th/%F0%9F%8F%B7%EF%B8%8F%E0%B8%81%E0%B8%A3%E0%B8%B0%E0%B9%80%E0%B8%9B%E0%B9%8B%E0%B8%B2%E0%B9%80%E0%B8%84%E0%B8%A3%E0%B8%B7%E0%B9%88%E0%B8%AD%E0%B8%87%E0%B8%AA%E0%B9%8D%E0%B8%B2%E0%B8%AD%E0%B8%B2%E0%B8%87-pvc-%E0%B8%95%E0%B8%B4%E0%B8%94%E0%B8%8B%E0%B8%B4%E0%B8%9B-%E0%B9%82%E0%B8%9B%E0%B8%A3%E0%B9%88%E0%B8%87%E0%B9%83%E0%B8%AA-%E0%B8%81%E0%B8%A3%E0%B8%B0%E0%B9%80%E0%B8%9B%E0%B9%8B%E0%B8%B2%E0%B8%81%E0%B8%B1%E0%B8%99%E0%B8%99%E0%B9%89%E0%B8%B3-%E0%B8%81%E0%B8%A3%E0%B8%B0%E0%B9%80%E0%B8%9B%E0%B9%8B%E0%B8%B2%E0%B9%81%E0%B8%95%E0%B9%88%E0%B8%87%E0%B8%AB%E0%B8%99%E0%B9%89%E0%B8%B2%E0%B9%81%E0%B8%9A%E0%B8%9A%E0%B9%83%E0%B8%AA-i.255138429.5953613071?sp_atk=a945a627-c363-4c7a-bf05-9f5a0281a8a2&xptdk=a945a627-c363-4c7a-bf05-9f5a0281a8a2","https://down-th.img.susercontent.com/file/e2068ac72f37594f78899045f9b4ee6c_tn","‡∏£‡πâ‡∏≤‡∏ô‡πÅ‡∏ô‡∏∞‡∏ô‡∏≥","-66%","https://down-th.img.susercontent.com/file/th-50009109-046794c5ea23d6812a0e40e6e0f9ef76","üè∑Ô∏è‡∏Å‡∏£‡∏∞‡πÄ‡∏õ‡πã‡∏≤‡πÄ‡∏Ñ‡∏£‡∏∑‡πà‡∏≠‡∏á‡∏™‡πç‡∏≤‡∏≠‡∏≤‡∏á pvc ‡∏ï‡∏¥‡∏î‡∏ã‡∏¥‡∏õ  ‡πÇ‡∏õ‡∏£‡πà‡∏á‡πÉ‡∏™  ‡∏Å‡∏£‡∏∞‡πÄ‡∏õ‡πã‡∏≤‡∏Å‡∏±‡∏ô‡∏ô‡πâ‡∏≥ ‡∏Å‡∏£‡∏∞‡πÄ‡∏õ‡πã‡∏≤‡πÅ‡∏ï‡πà‡∏á‡∏´‡∏ô‡πâ‡∏≤‡πÅ‡∏ö‡∏ö‡πÉ‡∏™","","-","34","‡∏ø","89","‡∏Ç‡∏≤‡∏¢‡πÅ‡∏•‡πâ‡∏ß 51.4‡∏û‡∏±‡∏ô ‡∏ä‡∏¥‡πâ‡∏ô","‡∏à‡∏±‡∏á‡∏´‡∏ß‡∏±‡∏î‡∏õ‡∏ó‡∏∏‡∏°‡∏ò‡∏≤‡∏ô‡∏µ"